"STATION","DATE","LATITUDE","LONGITUDE","ELEVATION","NAME","TEMP","TEMP_ATTRIBUTES","DEWP","DEWP_ATTRIBUTES","SLP","SLP_ATTRIBUTES","STP","STP_ATTRIBUTES","VISIB","VISIB_ATTRIBUTES","WDSP","WDSP_ATTRIBUTES","MXSPD","GUST","MAX","MAX_ATTRIBUTES","MIN","MIN_ATTRIBUTES","PRCP","PRCP_ATTRIBUTES","SNDP","FRSHTT"
"02431099999","2010-01-01","59.8666666","15.25","289.0","KLOTEN, SW","  14.7","24","9999.9"," 0","1008.6","24","973.0","24","  4.5","24","  5.0","24","  5.8","999.9","  16.2","*","  12.0"," "," 0.06","G","999.9","001000"
"02431099999","2010-01-02","59.8666666","15.25","289.0","KLOTEN, SW","   9.1","24","9999.9"," 0","1020.4","24","984.2","24"," 14.8","24","  4.4","24","  5.8","999.9","  16.3"," ","  -2.6","*"," 0.07","G","999.9","001000"
"02431099999","2010-01-03","59.8666666","15.25","289.0","KLOTEN, SW","   9.6","24","9999.9"," 0","1013.8","24","977.9","24"," 30.8","24","  4.4","24","  5.8","999.9","  19.9","*","  -5.3"," "," 0.01","G","999.9","000000"
"02431099999","2010-01-04","59.8666666","15.25","289.0","KLOTEN, SW","  12.3","24","9999.9"," 0","1004.7","24","969.2","24"," 30.9","24","  4.0","24","  5.8","999.9","  20.7"," ","   4.5","*"," 0.00","G","999.9","000000"
"02431099999","2010-01-05","59.8666666","15.25","289.0","KLOTEN, SW","  -3.1","24","9999.9"," 0","1011.1","24","974.7","24"," 31.1","24","  3.2","24","  5.8","999.9","  12.7"," ","  -9.6","*"," 0.00","G","999.9","000000"
"02431099999","2010-01-06","59.8666666","15.25","289.0","KLOTEN, SW","  -5.3","24","9999.9"," 0","1015.0","24","978.4","24"," 28.7","24","  2.5","24","  3.9","999.9","   0.1","*"," -12.5"," "," 0.00","G","999.9","001000"
"02431099999","2010-01-07","59.8666666","15.25","289.0","KLOTEN, SW","   4.4","24","9999.9"," 0","1017.7","24","981.4","24"," 11.8","24","  4.9","24","  5.8","999.9","   9.1"," ","  -2.7"," "," 0.02","G","999.9","001000"
"02431099999","2010-01-08","59.8666666","15.25","289.0","KLOTEN, SW","  -1.4","24","9999.9"," 0","1029.1","24","992.2","24"," 31.1","24","  1.9","24","  5.8","999.9","   4.3"," ","  -6.2"," "," 0.01","G","999.9","001000"
"02431099999","2010-01-09","59.8666666","15.25","289.0","KLOTEN, SW","   6.2","24","9999.9"," 0","1038.4","24","001.4","24"," 31.1","24","  1.6","24","  3.9","999.9","  13.3"," ","  -6.0"," "," 0.00","G","999.9","000000"
"02431099999","2010-01-10","59.8666666","15.25","289.0","KLOTEN, SW","   8.9","24","9999.9"," 0","1037.8","24","000.9","24"," 31.1","24","  2.0","24","  3.9","999.9","  15.4"," ","   3.4"," "," 0.00","G","999.9","000000"
"02431099999","2010-01-11","59.8666666","15.25","289.0","KLOTEN, SW","  15.9","24","9999.9"," 0","1032.3","24","995.9","24"," 31.1","24","  2.6","24","  5.8","999.9","  23.9"," ","   5.7"," "," 0.00","G","999.9","000000"
"02431099999","2010-01-12","59.8666666","15.25","289.0","KLOTEN, SW","  17.1","24","9999.9"," 0","1027.8","24","991.7","24"," 29.5","24","  0.6","24","  1.9","999.9","  23.5"," ","  13.3","*"," 0.00","G","999.9","000000"
"02431099999","2010-01-13","59.8666666","15.25","289.0","KLOTEN, SW","  10.7","24","9999.9"," 0","1024.5","24","988.2","24"," 17.3","24","  0.0","24","999.9","999.9","  20.5"," ","   4.1","*"," 0.00","G","999.9","100000"
"02431099999","2010-01-14","59.8666666","15.25","289.0","KLOTEN, SW","  14.4","24","9999.9"," 0","1024.4","24","988.3","24","  2.3","21","  0.3","24","  1.9","999.9","  23.0","*","   2.5"," "," 0.00","G","999.9","101000"
"02431099999","2010-01-15","59.8666666","15.25","289.0","KLOTEN, SW","  23.4","24","  22.5","24","1030.5","24","994.5","24"," 18.5","24","  0.1","24","  1.9","999.9","  24.4"," ","  21.4"," "," 0.00","F","999.9","000000"
"02431099999","2010-01-16","59.8666666","15.25","289.0","KLOTEN, SW","  24.0","24","  23.1","24","1033.3","24","997.2","24"," 11.6","24","  1.6","24","  3.9","999.9","  25.0"," ","  21.9"," "," 0.00","G","999.9","001000"
"02431099999","2010-01-17","59.8666666","15.25","289.0","KLOTEN, SW","  23.5","24","  21.8","24","1027.5","24","991.6","24"," 11.5","23","  6.1","24","  9.7","999.9","  25.3"," ","  21.9"," "," 0.02","G","999.9","001000"
"02431099999","2010-01-18","59.8666666","15.25","289.0","KLOTEN, SW","  24.2","24","  23.4","24","1026.2","24","990.3","24","  3.7","23","  5.2","24","  7.8","999.9","  25.2"," ","  21.9"," "," 0.03","G","999.9","001000"
"02431099999","2010-01-19","59.8666666","15.25","289.0","KLOTEN, SW","  24.2","24","  23.6","24","1030.4","24","994.4","24","  2.6","24","  2.8","24","  5.8","999.9","  25.0"," ","  23.4"," "," 0.03","G","999.9","101000"
"02431099999","2010-01-20","59.8666666","15.25","289.0","KLOTEN, SW","  22.6","24","  21.3","24","1033.7","24","997.5","24","  4.7","24","  7.0","24","  7.8","999.9","  25.0"," ","  20.7"," "," 0.01","G","999.9","001000"
"02431099999","2010-01-21","59.8666666","15.25","289.0","KLOTEN, SW","  22.7","24","  21.3","24","1038.0","24","001.7","24"," 20.9","24","  5.5","24","  7.8","999.9","  23.9"," ","  21.0"," "," 0.04","G","999.9","001000"
"02431099999","2010-01-22","59.8666666","15.25","289.0","KLOTEN, SW","  21.3","24","  20.3","24","1039.1","24","002.8","24","  9.7","23","  4.6","24","  7.8","999.9","  22.8","*","  19.9"," "," 0.00","G","999.9","001000"
"02431099999","2010-01-23","59.8666666","15.25","289.0","KLOTEN, SW","  21.7","24","  20.6","24","1039.4","24","003.0","24","  8.0","24","  2.8","24","  3.9","999.9","  23.5"," ","  17.8","*"," 0.00","G","999.9","000000"
"02431099999","2010-01-24","59.8666666","15.25","289.0","KLOTEN, SW","  17.8","24","  15.5","24","1039.5","24","002.9","24","  8.3","24","  1.9","24","  3.9","999.9","  21.2"," ","  15.4"," "," 0.00","G","999.9","001000"
"02431099999","2010-01-25","59.8666666","15.25","289.0","KLOTEN, SW","  14.7","24","  13.0","24","1039.2","24","002.6","24"," 11.3","24","  2.3","24","  5.8","999.9","  17.2"," ","   8.2"," "," 0.00","G","999.9","000000"
"02431099999","2010-01-26","59.8666666","15.25","289.0","KLOTEN, SW","  13.5","23","  11.9","23","1040.2","23","003.4","23","  3.9","16","  1.2","23","  1.9","999.9","  16.0"," ","  10.4"," "," 0.00","G","999.9","101000"
"02431099999","2010-01-27","59.8666666","15.25","289.0","KLOTEN, SW","  18.7","24","  17.5","24","1005.8","24","970.5","24","  1.5","16","  1.9","24","  3.9","999.9","  25.0","*","  11.7"," "," 0.00","G","999.9","001000"
"02431099999","2010-01-28","59.8666666","15.25","289.0","KLOTEN, SW","  20.2","24","  18.9","24"," 987.2","24","952.5","24","  6.5","22","  2.8","24","  3.9","999.9","  25.3"," ","   9.9","*"," 0.44","G","999.9","001000"
"02431099999","2010-01-29","59.8666666","15.25","289.0","KLOTEN, SW","   7.9","24","   5.2","24"," 990.3","24","955.2","24","  6.3","22","  1.7","24","  3.9","999.9","  17.2"," ","   3.9","*"," 0.04","G","999.9","001000"
"02431099999","2010-01-30","59.8666666","15.25","289.0","KLOTEN, SW","   2.5","24","  -1.0","24"," 992.9","24","957.4","24"," 13.0","23","  2.5","24","  3.9","999.9","   5.9"," ","  -0.6"," "," 0.01","G","999.9","001000"
"02431099999","2010-01-31","59.8666666","15.25","289.0","KLOTEN, SW","   2.3","24","  -1.1","24"," 998.5","24","962.8","24"," 11.1","24","  1.4","24","  1.9","999.9","   6.4"," ","  -2.9"," "," 0.01","G","999.9","001000"
"02431099999","2010-02-01","59.8666666","15.25","289.0","KLOTEN, SW","  18.4","24","  17.1","24","1002.4","24","967.1","24","  2.0","24","  3.9","24","  5.8","999.9","  26.8"," ","  -2.9"," "," 0.04","G","999.9","101000"
"02431099999","2010-02-02","59.8666666","15.25","289.0","KLOTEN, SW","  20.6","24","  19.5","24","1000.6","24","965.5","24","  5.1","19","  4.0","24","  7.8","999.9","  26.6"," ","  19.0","*"," 0.07","G","999.9","001000"
"02431099999","2010-02-03","59.8666666","15.25","289.0","KLOTEN, SW","  24.3","24","  22.9","24"," 999.7","24","964.8","24","  2.2","16","  8.9","24"," 11.7","999.9","  26.1","*","  19.0"," "," 0.02","G","999.9","001000"
"02431099999","2010-02-04","59.8666666","15.25","289.0","KLOTEN, SW","  26.6","23","  25.5","23","1013.1","23","977.9","23","  8.0","23","  4.0","23","  9.7","999.9","  28.0"," ","  23.2","*"," 0.19","G","999.9","001000"
"02431099999","2010-02-05","59.8666666","15.25","289.0","KLOTEN, SW","  23.2","24","  22.6","24","1024.4","24","988.6","24","  2.8","24","  2.9","24","  3.9","999.9","  26.2"," ","  20.7"," "," 0.02","G","999.9","100000"
"02431099999","2010-02-06","59.8666666","15.25","289.0","KLOTEN, SW","  23.0","24","  22.1","24","1026.5","24","990.7","24","  6.1","24","  2.2","24","  3.9","999.9","  25.7"," ","  16.0","*"," 0.00","G","999.9","000000"
"02431099999","2010-02-07","59.8666666","15.25","289.0","KLOTEN, SW","  17.3","24","  15.5","24","1024.4","24","988.3","24"," 28.6","24","  2.0","24","  3.9","999.9","  29.8"," ","   4.6"," "," 0.00","G","999.9","000000"
"02431099999","2010-02-08","59.8666666","15.25","289.0","KLOTEN, SW","  14.1","24","  12.0","24","1013.4","24","977.6","24"," 29.0","24","  2.0","24","  3.9","999.9","  24.3"," ","   3.0","*"," 0.00","G","999.9","001000"
"02431099999","2010-02-09","59.8666666","15.25","289.0","KLOTEN, SW","  19.5","24","  17.8","24","1012.0","24","976.5","24","  8.9","23","  2.6","24","  5.8","999.9","  23.9"," ","   3.0"," "," 0.07","G","999.9","001000"
"02431099999","2010-02-10","59.8666666","15.25","289.0","KLOTEN, SW","  17.7","24","  15.8","24","1020.8","24","984.9","24"," 15.0","22","  4.2","24","  5.8","999.9","  21.7"," ","  14.5"," "," 0.08","G","999.9","001000"
"02431099999","2010-02-11","59.8666666","15.25","289.0","KLOTEN, SW","  15.0","24","  13.3","24","1020.5","24","984.5","24"," 21.3","24","  4.8","24","  7.8","999.9","  18.3","*","   9.3","*"," 0.00","G","999.9","001000"
"02431099999","2010-02-12","59.8666666","15.25","289.0","KLOTEN, SW","  19.1","23","  16.8","23","1026.3","23","990.2","23"," 30.4","23","  5.2","23","  7.8","999.9","  22.5"," ","   8.2"," "," 0.00","F","999.9","000000"
"02431099999","2010-02-13","59.8666666","15.25","289.0","KLOTEN, SW","  13.3","24","  11.1","24","1021.4","24","985.3","24"," 28.5","23","  3.1","24","  5.8","999.9","  18.3"," ","   9.0"," "," 0.00","G","999.9","000000"
"02431099999","2010-02-14","59.8666666","15.25","289.0","KLOTEN, SW","  22.7","24","  19.9","24","1018.1","24","982.5","24"," 29.0","24","  2.3","24","  5.8","999.9","  30.9"," ","   8.4","*"," 0.00","G","999.9","100000"
"02431099999","2010-02-15","59.8666666","15.25","289.0","KLOTEN, SW","  14.3","24","  10.9","24","1012.7","24","977.0","24"," 26.8","24","  1.1","24","  3.9","999.9","  31.5"," ","   0.1"," "," 0.00","G","999.9","000000"
"02431099999","2010-02-16","59.8666666","15.25","289.0","KLOTEN, SW","  18.6","24","  17.1","24","1010.5","24","975.0","24"," 20.8","23","  1.7","24","  3.9","999.9","  23.2"," ","  10.9"," "," 0.00","G","999.9","001000"
"02431099999","2010-02-17","59.8666666","15.25","289.0","KLOTEN, SW","  21.0","24","  19.7","24","1009.9","24","974.5","24"," 12.3","23","  3.6","24","  7.8","999.9","  23.9"," ","  18.5","*"," 0.02","G","999.9","001000"
"02431099999","2010-02-18","59.8666666","15.25","289.0","KLOTEN, SW","  14.6","24","  12.1","24","1007.9","24","972.4","24","  5.4","24","  6.0","24","  9.7","999.9","  20.8"," ","  12.9","*"," 0.03","G","999.9","001000"
"02431099999","2010-02-19","59.8666666","15.25","289.0","KLOTEN, SW","  11.7","23","   8.6","23","1003.0","23","967.5","23","  1.4","23","  7.4","23"," 11.7","999.9","  13.8"," ","  10.0"," "," 0.17","G","999.9","001000"
"02431099999","2010-02-20","59.8666666","15.25","289.0","KLOTEN, SW","   6.5","24","   2.7","24","1000.9","24","965.3","24","  1.1","24","  8.7","24"," 11.7","999.9","  12.0"," ","   5.0"," "," 0.08","G","999.9","001000"
"02431099999","2010-02-21","59.8666666","15.25","289.0","KLOTEN, SW","   0.0","24","  -4.7","24"," 998.5","24","962.7","24"," 14.9","21","  5.1","24","  7.8","999.9","   6.4"," "," -15.0","*"," 0.25","G","999.9","001000"
"02431099999","2010-02-22","59.8666666","15.25","289.0","KLOTEN, SW","  -4.0","24","  -8.3","24"," 999.8","24","963.9","24"," 14.1","24","  1.6","24","  3.9","999.9","   5.9"," "," -20.2"," "," 0.02","G","999.9","001000"
"02431099999","2010-02-23","59.8666666","15.25","289.0","KLOTEN, SW","   9.1","24","   6.3","24"," 996.8","24","961.5","24","  7.4","24","  2.7","24","  3.9","999.9","  15.6"," ","   2.1"," "," 0.02","G","999.9","001000"
"02431099999","2010-02-24","59.8666666","15.25","289.0","KLOTEN, SW","  13.4","24","   8.6","24","1005.8","24","970.3","24"," 19.7","24","  3.1","24","  5.8","999.9","  24.8"," ","   1.8"," "," 0.03","G","999.9","001000"
"02431099999","2010-02-25","59.8666666","15.25","289.0","KLOTEN, SW","  17.6","24","  15.6","24","1006.7","24","971.3","24"," 17.9","24","  4.5","24","  9.7","999.9","  25.2"," ","   2.3"," "," 0.00","G","999.9","001000"
"02431099999","2010-02-26","59.8666666","15.25","289.0","KLOTEN, SW","  29.5","24","  29.3","24"," 996.8","24","962.2","24","  1.0","24","  4.8","24","  7.8","999.9","  31.8"," ","  23.9"," "," 0.30","G","999.9","101000"
"02431099999","2010-02-27","59.8666666","15.25","289.0","KLOTEN, SW","  29.7","24","  29.7","24"," 995.4","24","960.9","24","  0.6","24","  4.9","24","  7.8","999.9","  31.6"," ","  25.2","*"," 0.11","G","999.9","101000"
"02431099999","2010-02-28","59.8666666","15.25","289.0","KLOTEN, SW","  25.1","24","  24.6","24"," 994.2","24","959.5","24","  6.5","24","  2.5","24","  3.9","999.9","  30.4"," ","  23.4"," "," 0.30","G","999.9","001000"
"02431099999","2010-03-01","59.8666666","15.25","289.0","KLOTEN, SW","  21.5","24","  19.9","24"," 992.0","24","957.3","24","  5.0","24","  6.8","24","  9.7","999.9","  25.7"," ","  17.8","*"," 0.13","G","999.9","001000"
"02431099999","2010-03-02","59.8666666","15.25","289.0","KLOTEN, SW","  18.9","24","  14.3","24","1001.6","24","966.5","24"," 27.2","24","  5.3","24","  7.8","999.9","  26.1"," ","  11.3"," "," 0.09","G","999.9","001000"
"02431099999","2010-03-03","59.8666666","15.25","289.0","KLOTEN, SW","  19.4","22","  10.8","22","1009.5","22","974.1","22"," 27.1","21","  6.4","22","  9.7","999.9","  24.8"," ","  13.3"," "," 0.00","G","999.9","001000"
"02431099999","2010-03-04","59.8666666","15.25","289.0","KLOTEN, SW","  18.2","24","   7.2","24","1016.2","24","980.5","24"," 29.5","24","  6.7","24","  7.8","999.9","  24.6"," ","  14.0"," "," 0.00","G","999.9","000000"
"02431099999","2010-03-05","59.8666666","15.25","289.0","KLOTEN, SW","  17.1","24","   2.7","24","1020.4","24","984.5","24"," 29.1","24","  2.9","24","  5.8","999.9","  30.4"," ","   5.7","*"," 0.00","G","999.9","000000"
"02431099999","2010-03-06","59.8666666","15.25","289.0","KLOTEN, SW","  20.8","24","  10.0","24","1025.2","24","989.3","24"," 29.0","24","  3.2","24","  5.8","999.9","  36.0"," ","   1.9"," "," 0.00","G","999.9","000000"
"02431099999","2010-03-07","59.8666666","15.25","289.0","KLOTEN, SW","  20.6","24","  10.8","24","1028.3","24","992.3","24"," 30.4","24","  2.0","24","  3.9","999.9","  34.3"," ","   0.0"," "," 0.00","G","999.9","000000"
"02431099999","2010-03-08","59.8666666","15.25","289.0","KLOTEN, SW","  31.1","24","  21.1","24","1023.9","24","988.4","24"," 28.5","24","  4.9","24","  7.8","999.9","  41.7"," ","  15.3"," "," 0.00","G","999.9","001000"
"02431099999","2010-03-09","59.8666666","15.25","289.0","KLOTEN, SW","  28.9","24","  15.3","24","1025.8","24","990.1","24"," 28.7","24","  4.9","24","  7.8","999.9","  36.9"," ","  21.0"," "," 0.00","G","999.9","000000"
"02431099999","2010-03-10","59.8666666","15.25","289.0","KLOTEN, SW","  29.8","24","  22.0","24","1021.3","24","985.9","24"," 23.7","24","  6.1","24","  7.8","999.9","  40.1"," ","  22.3"," "," 0.00","G","999.9","000000"
"02431099999","2010-03-11","59.8666666","15.25","289.0","KLOTEN, SW","  27.8","24","  26.8","24","1010.7","24","975.6","24","  9.1","24","  5.6","24","  7.8","999.9","  32.9"," ","  23.9"," "," 0.00","G","999.9","000000"
"02431099999","2010-03-12","59.8666666","15.25","289.0","KLOTEN, SW","  29.7","24","  15.6","24","1007.9","24","973.0","24"," 26.3","24","  4.3","24","  7.8","999.9","  35.1"," ","  25.3","*"," 0.00","G","999.9","001000"
"02431099999","2010-03-13","59.8666666","15.25","289.0","KLOTEN, SW","  28.7","24","  13.3","24","1003.8","24","968.9","24"," 29.8","24","  5.4","24","  9.7","999.9","  36.3"," ","  21.0"," "," 0.00","G","999.9","000000"
"02431099999","2010-03-14","59.8666666","15.25","289.0","KLOTEN, SW","  25.7","24","   9.1","24","1003.7","24","968.7","24"," 29.1","24","  5.3","24","  7.8","999.9","  33.1"," ","  20.3"," "," 0.00","G","999.9","000000"
"02431099999","2010-03-15","59.8666666","15.25","289.0","KLOTEN, SW","  24.4","24","  10.1","24","1006.3","24","971.2","24"," 29.1","24","  4.4","24","  5.8","999.9","  33.3"," ","  14.4","*"," 0.00","G","999.9","000000"
"02431099999","2010-03-16","59.8666666","15.25","289.0","KLOTEN, SW","  24.7","24","  12.4","24","1011.3","24","976.0","24"," 27.8","24","  4.2","24","  7.8","999.9","  34.7"," ","  13.8"," "," 0.00","G","999.9","000000"
"02431099999","2010-03-17","59.8666666","15.25","289.0","KLOTEN, SW","  31.1","24","  20.5","24","1011.7","24","976.7","24"," 22.7","24","  3.3","24","  5.8","999.9","  39.6"," ","  15.3"," "," 0.00","G","999.9","001000"
"02431099999","2010-03-18","59.8666666","15.25","289.0","KLOTEN, SW","  33.9","24","  33.4","24","1007.8","24","973.0","24","  5.2","24","  6.6","24"," 11.7","999.9","  36.9"," ","  28.6"," "," 0.02","G","999.9","101000"
"02431099999","2010-03-19","59.8666666","15.25","289.0","KLOTEN, SW","  36.4","24","  36.1","24","1000.8","24","966.3","24","  2.4","24","  6.3","24"," 11.7","999.9","  39.2"," ","  34.7"," "," 0.00","G","999.9","110000"
"02431099999","2010-03-20","59.8666666","15.25","289.0","KLOTEN, SW","  40.0","23","  32.9","23"," 994.0","23","960.0","23"," 14.7","23","  8.1","23"," 13.6","999.9","  48.9"," ","  34.5","*"," 0.00","G","999.9","000000"
"02431099999","2010-03-21","59.8666666","15.25","289.0","KLOTEN, SW","  26.5","24","  24.7","24","1002.1","24","967.2","24"," 12.9","24","  5.7","24"," 11.7","999.9","  38.3"," ","  16.5","*"," 0.00","G","999.9","001000"
"02431099999","2010-03-22","59.8666666","15.25","289.0","KLOTEN, SW","  25.8","24","  19.6","24","1016.1","24","980.7","24"," 27.5","24","  2.8","24","  5.8","999.9","  36.5"," ","   6.3"," "," 0.41","G","999.9","000000"
"02431099999","2010-03-23","59.8666666","15.25","289.0","KLOTEN, SW","  30.2","24","  29.9","24","1009.0","24","974.0","24","  3.0","24","  3.1","24","  3.9","999.9","  32.5"," ","  28.0"," "," 0.08","G","999.9","001000"
"02431099999","2010-03-24","59.8666666","15.25","289.0","KLOTEN, SW","  29.3","24","  28.7","24","1017.9","24","982.6","24"," 14.9","24","  1.9","24","  3.9","999.9","  31.6"," ","  25.5"," "," 0.30","G","999.9","100000"
"02431099999","2010-03-25","59.8666666","15.25","289.0","KLOTEN, SW","  30.6","24","  30.6","24","1017.5","24","982.2","24","  0.2","24","  4.3","24","  5.8","999.9","  32.0"," ","  28.4"," "," 0.00","G","999.9","100000"
"02431099999","2010-03-26","59.8666666","15.25","289.0","KLOTEN, SW","  32.4","24","  32.4","24","1006.9","24","972.1","24","  0.5","24","  2.0","24","  3.9","999.9","  36.5"," ","  29.8"," "," 0.00","G","999.9","110000"
"02431099999","2010-03-27","59.8666666","15.25","289.0","KLOTEN, SW","  32.3","24","  32.3","24"," 997.1","24","962.6","24","  1.7","24","  3.8","24","  7.8","999.9","  34.5"," ","  30.6"," "," 0.00","G","999.9","111000"
"02431099999","2010-03-28","59.8666666","15.25","289.0","KLOTEN, SW","  33.4","24","  32.4","24"," 994.8","24","960.4","24"," 15.0","24","  3.0","24","  5.8","999.9","  36.1"," ","  31.5"," "," 0.39","G","999.9","101000"
"02431099999","2010-03-29","59.8666666","15.25","289.0","KLOTEN, SW","  33.6","24","  33.4","24"," 997.6","24","963.2","24","  4.1","24","  2.9","24","  5.8","999.9","  36.7"," ","  31.8"," "," 0.06","G","999.9","111000"
"02431099999","2010-03-30","59.8666666","15.25","289.0","KLOTEN, SW","  33.4","24","  29.1","24","1004.2","24","969.5","24"," 23.4","24","  4.0","24","  5.8","999.9","  39.6"," ","  30.0","*"," 0.07","G","999.9","000000"
"02431099999","2010-03-31","59.8666666","15.25","289.0","KLOTEN, SW","  31.6","24","  31.1","24","1003.8","24","969.1","24","  5.7","24","  5.7","24","  7.8","999.9","  35.4"," ","  27.5"," "," 0.00","G","999.9","110000"
"02431099999","2010-04-01","59.8666666","15.25","289.0","KLOTEN, SW","  34.9","24","  34.7","24","1002.4","24","967.8","24"," 10.2","24","  3.9","24","  5.8","999.9","  38.8"," ","  32.0"," "," 0.13","G","999.9","111000"
"02431099999","2010-04-02","59.8666666","15.25","289.0","KLOTEN, SW","  34.4","24","  32.9","24","1013.7","24","978.8","24"," 15.2","24","  2.9","24","  5.8","999.9","  41.7"," ","  30.9","*"," 0.20","G","999.9","011000"
"02431099999","2010-04-03","59.8666666","15.25","289.0","KLOTEN, SW","  37.0","24","  30.9","24","1018.4","24","983.5","24"," 21.3","24","  2.1","24","  5.8","999.9","  49.1"," ","  28.2","*"," 0.06","G","999.9","010000"
"02431099999","2010-04-04","59.8666666","15.25","289.0","KLOTEN, SW","  35.6","24","  27.9","24","1019.1","24","984.0","24"," 27.7","24","  3.5","24","  7.8","999.9","  44.4"," ","  27.7"," "," 0.00","G","999.9","000000"
"02431099999","2010-04-05","59.8666666","15.25","289.0","KLOTEN, SW","  31.0","24","  29.0","24","1020.6","24","985.3","24"," 17.9","24","  2.6","24","  3.9","999.9","  37.4"," ","  26.8","*"," 0.00","G","999.9","101000"
"02431099999","2010-04-06","59.8666666","15.25","289.0","KLOTEN, SW","  35.2","24","  30.8","24","1024.9","24","989.6","24"," 21.7","24","  2.3","24","  5.8","999.9","  43.0"," ","  25.0"," "," 0.00","G","999.9","010000"
"02431099999","2010-04-07","59.8666666","15.25","289.0","KLOTEN, SW","  38.9","24","  36.8","24","1025.1","24","990.0","24","  9.7","24","  2.1","24","  5.8","999.9","  46.6"," ","  33.8","*"," 0.01","G","999.9","100000"
"02431099999","2010-04-08","59.8666666","15.25","289.0","KLOTEN, SW","  38.3","24","  35.7","24","1021.8","24","986.8","24","  8.7","24","  1.9","24","  3.9","999.9","  46.0"," ","  29.3"," "," 0.00","G","999.9","110000"
"02431099999","2010-04-09","59.8666666","15.25","289.0","KLOTEN, SW","  39.6","24","  34.6","24","1020.2","24","985.3","24"," 20.8","24","  4.1","24","  7.8","999.9","  47.1"," ","  34.7"," "," 0.31","G","999.9","110000"
"02431099999","2010-04-10","59.8666666","15.25","289.0","KLOTEN, SW","  36.4","24","  31.5","24","1031.4","24","995.9","24"," 31.1","24","  5.6","24","  9.7","999.9","  42.6"," ","  30.4","*"," 0.00","G","999.9","000000"
"02431099999","2010-04-11","59.8666666","15.25","289.0","KLOTEN, SW","  38.8","24","  29.2","24","1035.8","24","000.4","24"," 30.6","24","  3.1","24","  5.8","999.9","  48.2"," ","  27.1","*"," 0.00","G","999.9","000000"
"02431099999","2010-04-12","59.8666666","15.25","289.0","KLOTEN, SW","  41.5","24","  26.2","24","1028.0","24","993.0","24"," 29.9","24","  2.6","24","  5.8","999.9","  55.2"," ","  26.2"," "," 0.00","G","999.9","000000"
"02431099999","2010-04-13","59.8666666","15.25","289.0","KLOTEN, SW","  42.7","24","  27.5","24","1023.3","24","988.6","24"," 29.0","24","  5.0","24","  9.7","999.9","  50.0"," ","  31.3","*"," 0.00","G","999.9","000000"
"02431099999","2010-04-14","59.8666666","15.25","289.0","KLOTEN, SW","  40.5","24","  28.1","24","1023.8","24","988.9","24"," 30.0","24","  3.4","24","  5.8","999.9","  50.5"," ","  29.3"," "," 0.00","G","999.9","000000"
"02431099999","2010-04-15","59.8666666","15.25","289.0","KLOTEN, SW","  40.7","24","  31.7","24","1013.8","24","979.2","24"," 29.4","24","  3.3","24","  7.8","999.9","  51.1"," ","  32.4"," "," 0.00","G","999.9","010000"
"02431099999","2010-04-16","59.8666666","15.25","289.0","KLOTEN, SW","  36.3","24","  25.5","24","1010.7","24","976.0","24"," 27.1","24","  5.6","24","  9.7","999.9","  45.5"," ","  27.1","*"," 0.33","G","999.9","011000"
"02431099999","2010-04-17","59.8666666","15.25","289.0","KLOTEN, SW","  39.2","24","  33.0","24","1000.6","24","966.4","24"," 28.4","24","  7.8","24"," 13.6","999.9","  50.9"," ","  27.0"," "," 0.00","G","999.9","010000"
"02431099999","2010-04-18","59.8666666","15.25","289.0","KLOTEN, SW","  35.3","24","  28.0","24","1003.8","24","969.3","24"," 29.8","24","  3.5","24","  9.7","999.9","  44.4"," ","  29.8"," "," 0.16","G","999.9","011000"
"02431099999","2010-04-19","59.8666666","15.25","289.0","KLOTEN, SW","  35.1","23","  19.3","23","1011.2","23","976.4","23"," 29.2","23","  2.7","23","  5.8","999.9","  44.6"," ","  25.7","*"," 0.03","G","999.9","000000"
"02431099999","2010-04-20","59.8666666","15.25","289.0","KLOTEN, SW","  34.3","24","  23.1","24","1011.2","24","976.4","24"," 29.1","24","  3.3","24","  7.8","999.9","  45.5"," ","  21.9"," "," 0.00","G","999.9","011000"
"02431099999","2010-04-21","59.8666666","15.25","289.0","KLOTEN, SW","  32.4","24","  26.1","24","1007.4","24","972.5","24"," 22.6","24","  5.0","24","  7.8","999.9","  36.7"," ","  29.5"," "," 0.02","G","999.9","011000"
"02431099999","2010-04-22","59.8666666","15.25","289.0","KLOTEN, SW","  35.0","24","  22.8","24","1005.9","24","971.3","24"," 29.1","24","  6.2","24","  9.7","999.9","  43.3"," ","  27.7","*"," 0.04","G","999.9","011000"
"02431099999","2010-04-23","59.8666666","15.25","289.0","KLOTEN, SW","  34.5","24","  27.8","24","1005.4","24","970.7","24"," 19.2","24","  2.4","24","  5.8","999.9","  46.6"," ","  22.8"," "," 0.00","G","999.9","011000"
"02431099999","2010-04-24","59.8666666","15.25","289.0","KLOTEN, SW","  38.1","24","  27.6","24","1017.8","24","983.0","24"," 22.1","24","  3.3","24","  5.8","999.9","  50.0"," ","  27.9","*"," 0.10","G","999.9","110000"
"02431099999","2010-04-25","59.8666666","15.25","289.0","KLOTEN, SW","  38.7","24","  27.4","24","1027.3","24","992.2","24"," 27.0","24","  3.2","24","  7.8","999.9","  50.4"," ","  26.2"," "," 0.00","G","999.9","000000"
"02431099999","2010-04-26","59.8666666","15.25","289.0","KLOTEN, SW","  46.5","24","  32.2","24","1021.1","24","986.7","24"," 21.3","24","  2.9","24","  5.8","999.9","  57.4"," ","  27.5"," "," 0.00","G","999.9","010000"
"02431099999","2010-04-27","59.8666666","15.25","289.0","KLOTEN, SW","  46.6","24","  36.7","24","1015.7","24","981.5","24"," 17.3","24","  4.8","24","  5.8","999.9","  59.4"," ","  34.9","*"," 0.00","G","999.9","011000"
"02431099999","2010-04-28","59.8666666","15.25","289.0","KLOTEN, SW","  40.6","24","  35.4","24","1017.7","24","983.0","24"," 16.2","24","  4.9","24","  9.7","999.9","  48.4"," ","  30.6"," "," 0.06","G","999.9","010000"
"02431099999","2010-04-29","59.8666666","15.25","289.0","KLOTEN, SW","  48.0","24","  45.4","24","1003.7","24","970.0","24","  6.3","24","  6.6","24","  9.7","999.9","  55.4"," ","  42.1"," "," 0.12","G","999.9","100000"
"02431099999","2010-04-30","59.8666666","15.25","289.0","KLOTEN, SW","  48.9","24","  43.7","24"," 997.0","24","963.6","24"," 17.7","24","  5.0","24","  7.8","999.9","  56.8"," ","  43.3"," "," 0.00","G","999.9","010000"
"02431099999","2010-05-01","59.8666666","15.25","289.0","KLOTEN, SW","  42.0","24","  39.5","24"," 997.2","24","963.3","24"," 19.6","24","  6.8","24","  9.7","999.9","  50.9"," ","  34.5","*"," 0.00","G","999.9","010000"
"02431099999","2010-05-02","59.8666666","15.25","289.0","KLOTEN, SW","  38.2","24","  22.8","24","1010.9","24","976.3","24"," 29.3","24","  4.3","24","  7.8","999.9","  49.1"," ","  27.7","*"," 0.04","G","999.9","000000"
"02431099999","2010-05-03","59.8666666","15.25","289.0","KLOTEN, SW","  41.7","24","  23.7","24","1016.3","24","981.8","24"," 30.3","24","  2.6","24","  5.8","999.9","  52.9"," ","  26.1"," "," 0.00","G","999.9","000000"
"02431099999","2010-05-04","59.8666666","15.25","289.0","KLOTEN, SW","  40.2","15","  28.8","15","1014.8","15","980.1","15"," 30.0","15","  4.0","15","  9.7","999.9","  47.7"," ","  35.8","*"," 0.00","G","999.9","010000"
"02431099999","2010-05-05","59.8666666","15.25","289.0","KLOTEN, SW","  40.8","18","  27.7","18","1019.7","18","985.0","18"," 30.4","18","  2.6","18","  5.8","999.9","  48.2"," ","  29.7"," "," 0.00","G","999.9","010000"
"02431099999","2010-05-06","59.8666666","15.25","289.0","KLOTEN, SW","  40.8","19","  29.8","19","1021.6","19","986.8","19"," 28.8","19","  3.1","19","  9.7","999.9","  49.8"," ","  28.4"," "," 0.00","G","999.9","000000"
"02431099999","2010-05-07","59.8666666","15.25","289.0","KLOTEN, SW","  41.0","19","  26.3","19","1022.0","19","987.2","19"," 29.6","19","  7.9","19"," 11.7","999.9","  49.6"," ","  33.4"," "," 0.00","G","999.9","000000"
"02431099999","2010-05-08","59.8666666","15.25","289.0","KLOTEN, SW","  41.4","16","  27.2","16","1012.3","16","977.8","16"," 29.7","16","  5.2","16","  9.7","999.9","  48.4"," ","  32.0"," "," 0.00","G","999.9","010000"
"02431099999","2010-05-09","59.8666666","15.25","289.0","KLOTEN, SW","  43.4","21","  31.5","21","1006.9","21","972.7","21"," 29.9","21","  2.9","21","  5.8","999.9","  54.9"," ","  37.2"," "," 0.00","G","999.9","010000"
"02431099999","2010-05-10","59.8666666","15.25","289.0","KLOTEN, SW","  40.7","19","  33.1","19","1003.8","19","969.6","19"," 24.2","19","  4.5","19","  9.7","999.9","  50.4"," ","  30.0","*"," 0.00","G","999.9","010000"
"02431099999","2010-05-11","59.8666666","15.25","289.0","KLOTEN, SW","  42.1","20","  25.3","20","1011.7","20","977.3","20"," 27.2","20","  3.0","20","  7.8","999.9","  52.9"," ","  27.1"," "," 0.01","G","999.9","000000"
"02431099999","2010-05-12","59.8666666","15.25","289.0","KLOTEN, SW","  43.7","24","  28.9","24","1015.8","24","981.4","24"," 25.6","24","  3.8","24","  9.7","999.9","  52.5"," ","  28.2"," "," 0.00","G","999.9","010000"
"02431099999","2010-05-13","59.8666666","15.25","289.0","KLOTEN, SW","  44.6","24","  44.5","24","1009.9","24","975.7","24","  3.1","24","  3.8","24","  7.8","999.9","  49.5"," ","  37.4"," "," 0.88","G","999.9","110000"
"02431099999","2010-05-14","59.8666666","15.25","289.0","KLOTEN, SW","  51.9","24","  51.9","24","1008.6","24","975.0","24","  3.0","24","  2.8","24","  3.9","999.9","  54.3"," ","  48.2"," "," 0.86","G","999.9","110000"
"02431099999","2010-05-15","59.8666666","15.25","289.0","KLOTEN, SW","  59.5","24","  52.6","24","1006.8","24","973.7","24"," 13.5","24","  6.2","24"," 11.7","999.9","  70.9"," ","  51.6"," "," 0.27","G","999.9","110000"
"02431099999","2010-05-16","59.8666666","15.25","289.0","KLOTEN, SW","  49.6","24","  46.5","24","1007.2","24","973.4","24"," 17.5","24","  5.6","24","  9.7","999.9","  66.9"," ","  44.2","*"," 0.17","G","999.9","110000"
"02431099999","2010-05-17","59.8666666","15.25","289.0","KLOTEN, SW","  53.0","24","  43.7","24","1012.2","24","978.5","24"," 21.1","24","  2.3","24","  3.9","999.9","  63.7"," ","  36.7"," "," 0.00","G","999.9","100000"
"02431099999","2010-05-18","59.8666666","15.25","289.0","KLOTEN, SW","  60.2","24","  50.8","24","1017.9","24","984.5","24"," 26.6","24","  4.6","24","  5.8","999.9","  68.5"," ","  49.6"," "," 0.00","G","999.9","000000"
"02431099999","2010-05-19","59.8666666","15.25","289.0","KLOTEN, SW","  58.7","24","  53.4","24","1023.0","24","989.4","24"," 18.4","24","  5.1","24","  7.8","999.9","  65.8"," ","  53.6"," "," 0.00","G","999.9","000000"
"02431099999","2010-05-20","59.8666666","15.25","289.0","KLOTEN, SW","  63.5","24","  53.9","24","1024.6","24","991.2","24","  9.8","24","  2.5","24","  5.8","999.9","  72.9"," ","  55.6"," "," 0.00","G","999.9","010000"
"02431099999","2010-05-21","59.8666666","15.25","289.0","KLOTEN, SW","  56.9","24","  55.4","24","1025.7","24","991.9","24"," 14.1","24","  3.6","24","  5.8","999.9","  66.9"," ","  53.8","*"," 0.03","G","999.9","010000"
"02431099999","2010-05-22","59.8666666","15.25","289.0","KLOTEN, SW","  60.6","24","  49.8","24","1021.9","24","988.4","24"," 19.7","24","  2.6","24","  5.8","999.9","  71.2"," ","  49.3"," "," 0.04","G","999.9","010000"
"02431099999","2010-05-23","59.8666666","15.25","289.0","KLOTEN, SW","  49.6","24","  46.2","24","1009.5","24","975.7","24"," 15.9","24","  4.9","24"," 11.7","999.9","  64.2"," ","  43.2","*"," 0.07","G","999.9","010000"
"02431099999","2010-05-24","59.8666666","15.25","289.0","KLOTEN, SW","  48.5","24","  34.0","24","1001.1","24","967.4","24"," 28.1","24","  4.2","24","  7.8","999.9","  57.0"," ","  38.5"," "," 0.09","G","999.9","010000"
"02431099999","2010-05-25","59.8666666","15.25","289.0","KLOTEN, SW","  43.5","24","  38.1","24"," 998.0","24","964.1","24"," 21.3","24","  4.5","24","  7.8","999.9","  53.2"," ","  39.4"," "," 0.10","G","999.9","010000"
"02431099999","2010-05-26","59.8666666","15.25","289.0","KLOTEN, SW","  49.3","24","  33.5","24","1005.4","24","971.7","24"," 29.4","24","  3.5","24","  7.8","999.9","  58.1"," ","  40.8"," "," 0.13","G","999.9","010000"
"02431099999","2010-05-27","59.8666666","15.25","289.0","KLOTEN, SW","  48.8","24","  38.5","24","1007.8","24","974.0","24"," 27.4","24","  2.6","24","  7.8","999.9","  58.1"," ","  37.9"," "," 0.00","G","999.9","010000"
"02431099999","2010-05-28","59.8666666","15.25","289.0","KLOTEN, SW","  49.9","24","  32.8","24","1008.3","24","974.6","24"," 25.4","24","  3.8","24","  7.8","999.9","  59.5"," ","  35.2"," "," 0.00","G","999.9","010000"
"02431099999","2010-05-29","59.8666666","15.25","289.0","KLOTEN, SW","  46.7","24","  41.8","24","1009.1","24","975.1","24"," 24.2","24","  4.9","24","  9.7","999.9","  52.9"," ","  41.7"," "," 0.08","G","999.9","010000"
"02431099999","2010-05-30","59.8666666","15.25","289.0","KLOTEN, SW","  51.3","24","  41.1","24","1012.6","24","978.9","24"," 23.3","24","  2.3","24","  5.8","999.9","  62.4"," ","  38.8"," "," 0.05","G","999.9","010000"
"02431099999","2010-05-31","59.8666666","15.25","289.0","KLOTEN, SW","  53.9","24","  40.1","24","1015.8","24","982.1","24"," 23.8","24","  3.4","24","  7.8","999.9","  64.9"," ","  38.8"," "," 0.00","G","999.9","000000"
"02431099999","2010-06-01","59.8666666","15.25","289.0","KLOTEN, SW","  56.4","24","  42.0","24","1017.2","24","983.5","24"," 24.1","24","  3.7","24","  5.8","999.9","  66.2"," ","  40.3"," "," 0.00","G","999.9","000000"
"02431099999","2010-06-02","59.8666666","15.25","289.0","KLOTEN, SW","  59.4","24","  40.1","23","1016.3","23","982.9","23"," 27.4","24","  3.2","24","  5.8","999.9","  72.1","*","  43.0"," "," 0.00","G","999.9","000000"
"02431099999","2010-06-03","59.8666666","15.25","289.0","KLOTEN, SW","  60.2","24","  38.4","24","1013.7","24","980.5","24"," 27.4","24","  5.1","24","  7.8","999.9","  69.6"," ","  48.9"," "," 0.00","G","999.9","000000"
"02431099999","2010-06-04","59.8666666","15.25","289.0","KLOTEN, SW","  54.7","24","  33.4","24","1018.1","24","984.4","24"," 26.7","24","  5.2","24","  7.8","999.9","  64.2"," ","  45.5"," "," 0.00","G","999.9","000000"
"02431099999","2010-06-05","59.8666666","15.25","289.0","KLOTEN, SW","  54.8","24","  38.4","24","1016.2","24","982.6","24"," 28.0","24","  2.9","24","  3.9","999.9","  65.7"," ","  43.0"," "," 0.00","F","999.9","000000"
"02431099999","2010-06-06","59.8666666","15.25","289.0","KLOTEN, SW","  57.9","24","  45.0","24","1009.3","24","976.1","24"," 23.2","24","  3.7","24","  7.8","999.9","  71.2"," ","  43.3"," "," 0.00","G","999.9","010000"
"02431099999","2010-06-07","59.8666666","15.25","289.0","KLOTEN, SW","  53.2","24","  45.2","24","1008.0","24","974.5","24"," 20.4","24","  5.7","24","  9.7","999.9","  61.3"," ","  45.7"," "," 0.03","G","999.9","100000"
"02431099999","2010-06-08","59.8666666","15.25","289.0","KLOTEN, SW","  55.3","24","  41.8","24","1009.8","24","976.3","24"," 27.6","24","  4.0","24","  7.8","999.9","  65.5"," ","  43.9"," "," 0.00","G","999.9","000000"
"02431099999","2010-06-09","59.8666666","15.25","289.0","KLOTEN, SW","  52.9","23","  42.9","23","1014.1","23","980.4","23"," 26.2","23","  2.9","23","  5.8","999.9","  60.6"," ","  46.0","*"," 0.00","G","999.9","010000"
"02431099999","2010-06-10","59.8666666","15.25","289.0","KLOTEN, SW","  58.1","24","  45.4","24","1015.4","24","982.0","24"," 23.5","24","  3.9","24","  7.8","999.9","  67.3"," ","  43.5"," "," 0.00","G","999.9","000000"
"02431099999","2010-06-11","59.8666666","15.25","289.0","KLOTEN, SW","  52.3","24","  50.6","24","1001.7","24","968.3","24"," 12.6","24","  4.7","24","  9.7","999.9","  62.1"," ","  49.8"," "," 0.04","G","999.9","010000"
"02431099999","2010-06-12","59.8666666","15.25","289.0","KLOTEN, SW","  50.0","24","  48.8","24"," 989.0","24","955.8","24"," 12.0","24","  6.0","24","  9.7","999.9","  54.3"," ","  47.7"," "," 1.00","G","999.9","010000"
"02431099999","2010-06-13","59.8666666","15.25","289.0","KLOTEN, SW","  55.1","24","  47.6","24","1002.4","24","969.2","24"," 27.8","24","  4.8","24","  7.8","999.9","  63.5"," ","  49.5"," "," 0.19","G","999.9","010000"
"02431099999","2010-06-14","59.8666666","15.25","289.0","KLOTEN, SW","  50.4","24","  41.0","24","1012.2","24","978.3","24"," 29.0","22","  3.8","24","  7.8","999.9","  58.3"," ","  43.7","*"," 0.00","G","999.9","010000"
"02431099999","2010-06-15","59.8666666","15.25","289.0","KLOTEN, SW","  49.9","24","  40.1","24","1019.4","24","985.3","24"," 27.5","22","  4.0","24","  7.8","999.9","  57.7"," ","  41.5"," "," 0.00","G","999.9","000000"
"02431099999","2010-06-16","59.8666666","15.25","289.0","KLOTEN, SW","  55.9","24","  41.3","24","1020.2","24","986.4","24"," 25.5","24","  3.3","24","  7.8","999.9","  66.7"," ","  41.0"," "," 0.00","G","999.9","100000"
"02431099999","2010-06-17","59.8666666","15.25","289.0","KLOTEN, SW","  60.2","24","  43.9","24","1015.7","24","982.4","24"," 26.1","24","  4.0","24","  7.8","999.9","  70.7"," ","  44.6"," "," 0.00","G","999.9","000000"
"02431099999","2010-06-18","59.8666666","15.25","289.0","KLOTEN, SW","  49.2","24","  44.7","24"," 998.4","24","964.9","24"," 22.0","24","  5.2","24","  7.8","999.9","  64.4"," ","  42.6","*"," 0.12","G","999.9","010000"
"02431099999","2010-06-19","59.8666666","15.25","289.0","KLOTEN, SW","  49.8","24","  43.6","24"," 998.4","24","965.0","24"," 21.2","24","  3.7","24","  7.8","999.9","  59.4"," ","  42.4"," "," 0.10","G","999.9","010000"
"02431099999","2010-06-20","59.8666666","15.25","289.0","KLOTEN, SW","  49.1","24","  42.4","24","1008.8","24","974.9","24"," 29.6","24","  3.2","24","  5.8","999.9","  56.8"," ","  41.5","*"," 0.02","G","999.9","000000"
"02431099999","2010-06-21","59.8666666","15.25","289.0","KLOTEN, SW","  52.7","24","  39.3","24","1017.6","24","983.7","24"," 27.7","24","  2.3","24","  5.8","999.9","  64.0"," ","  38.8"," "," 0.00","G","999.9","000000"
"02431099999","2010-06-22","59.8666666","15.25","289.0","KLOTEN, SW","  60.7","24","  40.6","24","1017.2","24","983.9","24"," 27.6","24","  4.0","24","  7.8","999.9","  70.9"," ","  43.5"," "," 0.00","G","999.9","000000"
"02431099999","2010-06-23","59.8666666","15.25","289.0","KLOTEN, SW","  60.1","23","  47.6","23","1018.3","23","984.9","23"," 22.2","23","  3.1","23","  5.8","999.9","  71.8"," ","  47.1"," "," 0.00","G","999.9","000000"
"02431099999","2010-06-24","59.8666666","15.25","289.0","KLOTEN, SW","  62.5","24","  49.8","24","1014.7","24","981.6","24"," 21.4","24","  2.3","24","  5.8","999.9","  73.2"," ","  47.5"," "," 0.00","G","999.9","000000"
"02431099999","2010-06-25","59.8666666","15.25","289.0","KLOTEN, SW","  59.3","24","  49.8","24","1008.9","24","975.7","24"," 21.0","24","  4.6","24","  7.8","999.9","  69.3"," ","  48.6"," "," 0.00","G","999.9","010000"
"02431099999","2010-06-26","59.8666666","15.25","289.0","KLOTEN, SW","  56.8","24","  48.3","24","1011.8","24","978.4","24"," 22.0","24","  4.0","24","  9.7","999.9","  67.3"," ","  48.2"," "," 0.02","G","999.9","010000"
"02431099999","2010-06-27","59.8666666","15.25","289.0","KLOTEN, SW","  61.2","24","  43.5","24","1019.5","24","986.1","24"," 27.8","24","  4.2","24","  7.8","999.9","  72.5"," ","  48.6"," "," 0.05","G","999.9","000000"
"02431099999","2010-06-28","59.8666666","15.25","289.0","KLOTEN, SW","  62.2","24","  49.3","24","1019.5","24","986.2","24"," 24.6","24","  4.0","24","  7.8","999.9","  72.7"," ","  50.2"," "," 0.00","G","999.9","000000"
"02431099999","2010-06-29","59.8666666","15.25","289.0","KLOTEN, SW","  66.0","24","  53.7","24","1016.1","24","983.2","24"," 19.8","24","  2.7","24","  5.8","999.9","  76.5"," ","  51.8"," "," 0.00","G","999.9","000000"
"02431099999","2010-06-30","59.8666666","15.25","289.0","KLOTEN, SW","  60.4","24","  54.8","24","1010.1","24","977.0","24"," 21.2","24","  5.2","24","  9.7","999.9","  72.0"," ","  54.1","*"," 0.08","G","999.9","010000"
"02431099999","2010-07-01","59.8666666","15.25","289.0","KLOTEN, SW","  60.4","24","  47.8","24","1012.2","24","979.0","24"," 26.8","24","  4.8","24","  7.8","999.9","  70.2"," ","  50.7","*"," 0.01","G","999.9","000000"
"02431099999","2010-07-02","59.8666666","15.25","289.0","KLOTEN, SW","  64.9","24","  47.4","24","1017.2","24","984.1","24"," 26.8","24","  2.5","24","  5.8","999.9","  76.6"," ","  48.4"," "," 0.00","G","999.9","000000"
"02431099999","2010-07-03","59.8666666","15.25","289.0","KLOTEN, SW","  71.2","24","  59.3","24","1017.3","24","984.7","24"," 19.6","24","  2.8","24","  5.8","999.9","  83.8"," ","  52.2"," "," 0.00","G","999.9","010000"
"02431099999","2010-07-04","59.8666666","15.25","289.0","KLOTEN, SW","  70.1","24","  58.5","24","1015.5","24","982.9","24"," 18.1","24","  3.5","24","  5.8","999.9","  80.4"," ","  60.1"," "," 0.13","G","999.9","100000"
"02431099999","2010-07-05","59.8666666","15.25","289.0","KLOTEN, SW","  63.9","24","  50.6","24","1012.8","24","979.9","24"," 22.8","24","  5.9","24","  9.7","999.9","  72.5"," ","  54.5"," "," 0.00","G","999.9","000000"
"02431099999","2010-07-06","59.8666666","15.25","289.0","KLOTEN, SW","  61.3","24","  50.7","24","1011.7","24","978.6","24"," 22.7","24","  3.5","24","  5.8","999.9","  70.9"," ","  50.7"," "," 0.00","G","999.9","000000"
"02431099999","2010-07-07","59.8666666","15.25","289.0","KLOTEN, SW","  64.5","24","  49.0","24","1014.5","24","981.5","24"," 25.8","24","  4.5","24","  7.8","999.9","  75.0"," ","  51.3"," "," 0.00","G","999.9","000000"
"02431099999","2010-07-08","59.8666666","15.25","289.0","KLOTEN, SW","  62.7","24","  54.4","24","1016.5","24","983.4","24"," 21.3","24","  5.2","24","  9.7","999.9","  70.3"," ","  53.4"," "," 0.00","G","999.9","000000"
"02431099999","2010-07-09","59.8666666","15.25","289.0","KLOTEN, SW","  62.6","24","  51.8","24","1017.0","24","983.8","24"," 25.9","24","  5.0","24","  7.8","999.9","  72.0"," ","  51.8","*"," 0.00","G","999.9","000000"
"02431099999","2010-07-10","59.8666666","15.25","289.0","KLOTEN, SW","  67.6","24","  53.3","24","1017.1","24","984.2","24"," 25.6","24","  3.9","24","  9.7","999.9","  82.0"," ","  50.2"," "," 0.00","G","999.9","010000"
"02431099999","2010-07-11","59.8666666","15.25","289.0","KLOTEN, SW","  69.9","24","  60.3","24","1016.9","24","984.1","24"," 13.4","24","  4.6","24","  9.7","999.9","  84.9"," ","  55.4"," "," 0.00","G","999.9","010000"
"02431099999","2010-07-12","59.8666666","15.25","289.0","KLOTEN, SW","  71.7","24","  61.4","24","1015.4","24","982.8","24"," 17.8","24","  4.5","24","  7.8","999.9","  80.4"," ","  63.0"," "," 0.13","G","999.9","010000"
"02431099999","2010-07-13","59.8666666","15.25","289.0","KLOTEN, SW","  68.4","24","  63.3","24","1008.7","24","976.2","24"," 10.9","24","  3.8","24","  5.8","999.9","  83.8"," ","  61.7","*"," 0.00","G","999.9","010000"
"02431099999","2010-07-14","59.8666666","15.25","289.0","KLOTEN, SW","  64.8","24","  54.7","24","1011.1","24","978.3","24"," 20.6","24","  4.5","24","  7.8","999.9","  73.6"," ","  55.2","*"," 1.36","G","999.9","000000"
"02431099999","2010-07-15","59.8666666","15.25","289.0","KLOTEN, SW","  67.6","23","  56.3","23","1011.7","23","979.1","23"," 19.6","23","  5.4","23"," 11.7","999.9","  79.7"," ","  54.3"," "," 0.00","G","999.9","010000"
"02431099999","2010-07-16","59.8666666","15.25","289.0","KLOTEN, SW","  66.6","24","  54.6","24","1016.7","24","983.8","24"," 19.3","24","  4.5","24","  7.8","999.9","  73.9"," ","  58.5"," "," 0.46","G","999.9","000000"
"02431099999","2010-07-17","59.8666666","15.25","289.0","KLOTEN, SW","  66.3","24","  60.6","24","1016.1","24","983.2","24"," 16.8","24","  3.6","24","  5.8","999.9","  74.5"," ","  59.0"," "," 0.00","G","999.9","010000"
"02431099999","2010-07-18","59.8666666","15.25","289.0","KLOTEN, SW","  61.9","24","  52.6","24","1017.6","24","984.3","24"," 21.7","24","  6.6","24","  9.7","999.9","  69.1"," ","  55.0","*"," 0.39","G","999.9","000000"
"02431099999","2010-07-19","59.8666666","15.25","289.0","KLOTEN, SW","  61.2","24","  54.2","24","1018.5","24","985.1","24"," 21.5","24","  6.5","24","  9.7","999.9","  69.1"," ","  52.2"," "," 0.00","G","999.9","000000"
"02431099999","2010-07-20","59.8666666","15.25","289.0","KLOTEN, SW","  65.7","22","  57.1","22","1015.8","22","982.8","22"," 24.4","22","  5.6","22","  7.8","999.9","  72.1"," ","  60.1"," "," 0.00","G","999.9","010000"
"02431099999","2010-07-21","59.8666666","15.25","289.0","KLOTEN, SW","  68.7","24","  57.9","24","1011.1","24","978.5","24"," 23.1","24","  3.0","24","  5.8","999.9","  77.0"," ","  58.8"," "," 0.00","G","999.9","010000"
"02431099999","2010-07-22","59.8666666","15.25","289.0","KLOTEN, SW","  64.2","24","  58.4","24","1007.1","24","974.4","24"," 17.3","24","  5.6","24"," 11.7","999.9","  72.9"," ","  55.6","*"," 0.15","G","999.9","010000"
"02431099999","2010-07-23","59.8666666","15.25","289.0","KLOTEN, SW","  53.8","24","  38.9","24","1019.2","24","985.4","24"," 29.8","24","  5.7","24","  7.8","999.9","  65.5"," ","  47.8"," "," 0.13","G","999.9","000000"
"02431099999","2010-07-24","59.8666666","15.25","289.0","KLOTEN, SW","  54.7","24","  40.3","24","1017.6","24","983.9","24"," 29.9","24","  4.9","24","  7.8","999.9","  62.1"," ","  46.8"," "," 0.00","G","999.9","010000"
"02431099999","2010-07-25","59.8666666","15.25","289.0","KLOTEN, SW","  52.1","24","  51.1","24","1007.9","24","974.3","24"," 10.5","24","  8.5","24"," 11.7","999.9","  57.2","*","  48.0"," "," 0.08","G","999.9","010000"
"02431099999","2010-07-26","59.8666666","15.25","289.0","KLOTEN, SW","  57.5","24","  57.2","24","1008.2","24","975.0","24","  4.9","24","  4.9","24","  7.8","999.9","  59.2"," ","  54.9"," "," 0.39","G","999.9","010000"
"02431099999","2010-07-27","59.8666666","15.25","289.0","KLOTEN, SW","  62.4","23","  53.6","23","1012.2","23","979.1","23"," 18.5","23","  3.4","23","  5.8","999.9","  72.7"," ","  53.6","*"," 0.09","G","999.9","110000"
"02431099999","2010-07-28","59.8666666","15.25","289.0","KLOTEN, SW","  63.9","24","  52.3","24","1010.0","24","977.1","24"," 23.7","24","  2.4","24","  3.9","999.9","  74.7"," ","  50.2"," "," 0.00","G","999.9","010000"
"02431099999","2010-07-29","59.8666666","15.25","289.0","KLOTEN, SW","  60.2","24","  59.4","24"," 999.2","24","966.4","24","  9.6","24","  7.0","24"," 11.7","999.9","  69.8"," ","  57.6"," "," 0.48","G","999.9","010000"
"02431099999","2010-07-30","59.8666666","15.25","289.0","KLOTEN, SW","  58.9","24","  58.2","24","1000.0","24","967.1","24","  7.0","24","  5.7","24","  7.8","999.9","  63.5"," ","  56.1","*"," 0.72","G","999.9","010000"
"02431099999","2010-07-31","59.8666666","15.25","289.0","KLOTEN, SW","  58.2","24","  55.0","24","1007.9","24","974.7","24"," 13.4","24","  6.1","24"," 11.7","999.9","  64.6"," ","  54.5"," "," 0.54","G","999.9","010000"
"02431099999","2010-08-01","59.8666666","15.25","289.0","KLOTEN, SW","  58.5","24","  56.9","24","1011.4","24","978.1","24"," 10.6","24","  2.4","24","  3.9","999.9","  63.5"," ","  53.2","*"," 0.03","G","999.9","110000"
"02431099999","2010-08-02","59.8666666","15.25","289.0","KLOTEN, SW","  58.1","24","  54.5","24","1012.2","24","978.8","24"," 17.1","24","  2.0","24","  3.9","999.9","  68.4"," ","  51.6"," "," 0.14","G","999.9","100000"
"02431099999","2010-08-03","59.8666666","15.25","289.0","KLOTEN, SW","  59.9","24","  53.8","24","1009.7","24","976.6","24"," 21.7","24","  1.9","24","  3.9","999.9","  68.9"," ","  50.9"," "," 0.00","G","999.9","110000"
"02431099999","2010-08-04","59.8666666","15.25","289.0","KLOTEN, SW","  59.0","24","  53.5","24","1005.1","24","972.1","24"," 26.2","24","  3.1","24","  5.8","999.9","  67.5"," ","  51.3","*"," 0.00","G","999.9","010000"
"02431099999","2010-08-05","59.8666666","15.25","289.0","KLOTEN, SW","  60.9","24","  53.0","24","1011.4","24","978.3","24"," 20.4","24","  2.3","24","  5.8","999.9","  70.0"," ","  47.1"," "," 0.00","G","999.9","100000"
"02431099999","2010-08-06","59.8666666","15.25","289.0","KLOTEN, SW","  62.7","23","  55.9","23","1017.1","23","983.9","23"," 20.8","23","  3.2","23","  5.8","999.9","  72.1"," ","  55.8"," "," 0.00","G","999.9","110000"
"02431099999","2010-08-07","59.8666666","15.25","289.0","KLOTEN, SW","  62.7","24","  57.2","24","1018.1","24","984.9","24"," 21.3","24","  2.0","24","  3.9","999.9","  67.5"," ","  55.9"," "," 0.00","G","999.9","010000"
"02431099999","2010-08-08","59.8666666","15.25","289.0","KLOTEN, SW","  61.1","24","  58.1","24","1011.9","24","978.8","24"," 19.6","24","  3.7","24","  7.8","999.9","  65.7"," ","  56.5"," "," 0.03","G","999.9","010000"
"02431099999","2010-08-09","59.8666666","15.25","289.0","KLOTEN, SW","  61.3","24","  60.9","24","1007.6","24","974.7","24","  8.2","24","  2.6","24","  3.9","999.9","  64.2"," ","  59.9"," "," 0.03","G","999.9","010000"
"02431099999","2010-08-10","59.8666666","15.25","289.0","KLOTEN, SW","  59.2","24","  57.1","24","1011.4","24","978.2","24","  9.5","24","  4.2","24","  7.8","999.9","  65.8"," ","  52.3","*"," 0.15","G","999.9","010000"
"02431099999","2010-08-11","59.8666666","15.25","289.0","KLOTEN, SW","  60.6","24","  55.5","24","1013.6","24","980.4","24"," 12.1","24","  2.8","24","  5.8","999.9","  69.1"," ","  50.4"," "," 0.00","G","999.9","110000"
"02431099999","2010-08-12","59.8666666","15.25","289.0","KLOTEN, SW","  63.5","24","  60.9","24","1017.2","24","984.1","24","  8.4","24","  3.2","24","  5.8","999.9","  70.9"," ","  57.9"," "," 0.17","G","999.9","100000"
"02431099999","2010-08-13","59.8666666","15.25","289.0","KLOTEN, SW","  66.6","22","  62.2","22","1019.3","22","986.3","22"," 15.0","22","  6.3","22"," 11.7","999.9","  75.6"," ","  59.4"," "," 0.00","G","999.9","110000"
"02431099999","2010-08-14","59.8666666","15.25","289.0","KLOTEN, SW","  67.2","24","  63.4","24","1018.6","24","985.6","24","  9.3","24","  1.6","24","  3.9","999.9","  76.5"," ","  63.0"," "," 0.00","G","999.9","100000"
"02431099999","2010-08-15","59.8666666","15.25","289.0","KLOTEN, SW","  64.3","24","  55.4","24","1020.5","24","987.3","24"," 26.9","24","  5.7","24","  9.7","999.9","  69.3"," ","  59.4","*"," 0.00","G","999.9","000000"
"02431099999","2010-08-16","59.8666666","15.25","289.0","KLOTEN, SW","  60.1","24","  48.7","24","1020.4","24","987.0","24"," 29.3","24","  7.0","24","  9.7","999.9","  67.3"," ","  54.5","*"," 0.00","G","999.9","010000"
"02431099999","2010-08-17","59.8666666","15.25","289.0","KLOTEN, SW","  58.5","24","  54.7","24","1009.4","24","976.2","24"," 22.4","24","  6.5","24","  9.7","999.9","  64.8"," ","  53.2"," "," 0.00","G","999.9","010000"
"02431099999","2010-08-18","59.8666666","15.25","289.0","KLOTEN, SW","  59.2","24","  58.6","24","1002.9","24","969.9","24","  6.8","24","  4.5","24","  7.8","999.9","  65.1"," ","  54.9","*"," 0.07","G","999.9","110000"
"02431099999","2010-08-19","59.8666666","15.25","289.0","KLOTEN, SW","  55.9","24","  53.5","24","1006.7","24","973.4","24"," 19.6","24","  4.0","24","  5.8","999.9","  61.0"," ","  51.6","*"," 0.15","G","999.9","010000"
"02431099999","2010-08-20","59.8666666","15.25","289.0","KLOTEN, SW","  54.7","24","  52.7","24","1014.0","24","980.4","24"," 13.8","24","  3.4","24","  7.8","999.9","  63.3"," ","  49.5"," "," 0.06","G","999.9","110000"
"02431099999","2010-08-21","59.8666666","15.25","289.0","KLOTEN, SW","  58.4","24","  57.3","24","1010.4","24","977.1","24","  7.7","24","  5.1","24","  9.7","999.9","  64.8"," ","  51.6"," "," 0.06","G","999.9","110000"
"02431099999","2010-08-22","59.8666666","15.25","289.0","KLOTEN, SW","  58.1","24","  52.3","24","1003.9","24","970.8","24"," 21.9","24","  7.0","24","  9.7","999.9","  65.5"," ","  53.4"," "," 0.04","G","999.9","000000"
"02431099999","2010-08-23","59.8666666","15.25","289.0","KLOTEN, SW","  58.5","24","  50.7","24","1000.5","24","967.5","24"," 24.5","24","  4.0","24","  5.8","999.9","  68.4"," ","  52.3"," "," 0.00","G","999.9","010000"
"02431099999","2010-08-24","59.8666666","15.25","289.0","KLOTEN, SW","  53.7","24","  52.5","24"," 990.8","24","957.9","24"," 12.5","24","  6.0","24"," 13.6","999.9","  59.9"," ","  50.5","*"," 0.27","G","999.9","010000"
"02431099999","2010-08-25","59.8666666","15.25","289.0","KLOTEN, SW","  52.5","24","  50.3","24"," 992.3","24","959.3","24"," 21.0","24","  4.0","24","  7.8","999.9","  57.0"," ","  49.8"," "," 0.31","G","999.9","010000"
"02431099999","2010-08-26","59.8666666","15.25","289.0","KLOTEN, SW","  49.8","24","  49.0","24","1003.3","24","969.7","24"," 13.9","24","  3.1","24","  5.8","999.9","  54.3"," ","  48.0","*"," 0.04","G","999.9","010000"
"02431099999","2010-08-27","59.8666666","15.25","289.0","KLOTEN, SW","  50.2","24","  46.6","24","1006.9","24","973.2","24"," 27.5","24","  4.2","24","  7.8","999.9","  55.6"," ","  46.9","*"," 0.17","G","999.9","010000"
"02431099999","2010-08-28","59.8666666","15.25","289.0","KLOTEN, SW","  50.4","24","  44.9","24","1006.6","24","973.0","24"," 25.6","24","  4.2","24","  5.8","999.9","  57.7"," ","  44.1"," "," 0.00","G","999.9","010000"
"02431099999","2010-08-29","59.8666666","15.25","289.0","KLOTEN, SW","  48.7","24","  46.2","24","1007.9","24","974.1","24"," 22.8","24","  5.7","24","  9.7","999.9","  55.9"," ","  46.2"," "," 0.63","G","999.9","010000"
"02431099999","2010-08-30","59.8666666","15.25","289.0","KLOTEN, SW","  48.4","24","  45.4","24","1015.3","24","981.2","24"," 27.1","24","  3.8","24","  7.8","999.9","  56.3"," ","  44.4"," "," 0.00","G","999.9","000000"
"02431099999","2010-08-31","59.8666666","15.25","289.0","KLOTEN, SW","  50.1","24","  46.5","24","1015.7","24","981.7","24"," 14.0","24","  2.6","24","  5.8","999.9","  61.2"," ","  43.7"," "," 0.00","G","999.9","110000"
"02431099999","2010-09-01","59.8666666","15.25","289.0","KLOTEN, SW","  47.8","24","  42.4","24","1016.2","24","982.0","24"," 24.2","24","  2.5","24","  5.8","999.9","  55.8"," ","  39.9","*"," 0.05","G","999.9","110000"
"02431099999","2010-09-02","59.8666666","15.25","289.0","KLOTEN, SW","  46.7","23","  37.5","23","1018.8","23","984.4","23"," 30.7","23","  5.2","23","  9.7","999.9","  55.4"," ","  38.7"," "," 0.00","G","999.9","010000"
"02431099999","2010-09-03","59.8666666","15.25","289.0","KLOTEN, SW","  45.9","24","  35.6","24","1018.3","24","983.9","24"," 30.8","24","  5.2","24","  7.8","999.9","  53.4"," ","  39.6"," "," 0.00","G","999.9","000000"
"02431099999","2010-09-04","59.8666666","15.25","289.0","KLOTEN, SW","  46.0","24","  36.4","24","1023.4","24","988.9","24"," 29.3","24","  2.9","24","  5.8","999.9","  56.8"," ","  37.9"," "," 0.00","G","999.9","000000"
"02431099999","2010-09-05","59.8666666","15.25","289.0","KLOTEN, SW","  50.4","24","  44.7","24","1026.4","24","992.0","24"," 30.6","24","  2.3","24","  7.8","999.9","  58.5"," ","  37.8"," "," 0.00","G","999.9","000000"
"02431099999","2010-09-06","59.8666666","15.25","289.0","KLOTEN, SW","  53.5","24","  48.4","24","1027.8","24","993.6","24"," 27.0","24","  2.4","24","  7.8","999.9","  61.5"," ","  46.2","*"," 0.00","G","999.9","000000"
"02431099999","2010-09-07","59.8666666","15.25","289.0","KLOTEN, SW","  51.8","22","  46.7","22","1026.4","22","992.1","22"," 18.8","22","  2.6","22","  7.8","999.9","  61.0"," ","  41.9"," "," 0.00","G","999.9","100000"
"02431099999","2010-09-08","59.8666666","15.25","289.0","KLOTEN, SW","  52.0","24","  49.2","24","1026.3","24","992.1","24"," 16.5","24","  4.9","24","  7.8","999.9","  59.4"," ","  45.9"," "," 0.00","G","999.9","100000"
"02431099999","2010-09-09","59.8666666","15.25","289.0","KLOTEN, SW","  52.7","24","  48.4","24","1026.3","24","992.1","24"," 21.8","24","  5.3","24","  7.8","999.9","  58.5"," ","  45.7","*"," 0.00","G","999.9","000000"
"02431099999","2010-09-10","59.8666666","15.25","289.0","KLOTEN, SW","  51.8","24","  48.9","24","1021.4","24","987.3","24"," 12.1","24","  5.2","24","  9.7","999.9","  59.2"," ","  45.0"," "," 0.00","G","999.9","110000"
"02431099999","2010-09-11","59.8666666","15.25","289.0","KLOTEN, SW","  53.3","23","  53.0","23","1016.8","23","983.0","23","  5.3","23","  2.9","23","  5.8","999.9","  56.7"," ","  50.5"," "," 0.01","G","999.9","110000"
"02431099999","2010-09-12","59.8666666","15.25","289.0","KLOTEN, SW","  57.1","24","  55.3","24","1014.3","24","980.9","24"," 11.4","24","  4.1","24","  7.8","999.9","  62.8"," ","  51.1","*"," 0.16","G","999.9","010000"
"02431099999","2010-09-13","59.8666666","15.25","289.0","KLOTEN, SW","  53.2","24","  50.5","24","1014.8","24","981.1","24"," 18.4","24","  2.3","24","  3.9","999.9","  62.8"," ","  45.9","*"," 0.02","G","999.9","000000"
"02431099999","2010-09-14","59.8666666","15.25","289.0","KLOTEN, SW","  50.6","24","  50.4","24","1002.5","24","969.0","24","  7.5","24","  4.3","24","  5.8","999.9","  54.0"," ","  45.9"," "," 0.00","G","999.9","110000"
"02431099999","2010-09-15","59.8666666","15.25","289.0","KLOTEN, SW","  48.8","24","  45.0","24"," 991.9","24","958.6","24"," 21.4","24","  4.5","24","  7.8","999.9","  55.4","*","  42.6","*"," 0.23","G","999.9","010000"
"02431099999","2010-09-16","59.8666666","15.25","289.0","KLOTEN, SW","  48.0","24","  46.9","24"," 988.1","24","954.9","24"," 16.4","24","  4.0","24","  7.8","999.9","  53.8"," ","  42.4"," "," 0.00","G","999.9","010000"
"02431099999","2010-09-17","59.8666666","15.25","289.0","KLOTEN, SW","  48.0","24","  47.6","24"," 991.6","24","958.2","24"," 10.9","24","  2.9","24","  5.8","999.9","  50.4"," ","  46.8"," "," 0.17","G","999.9","010000"
"02431099999","2010-09-18","59.8666666","15.25","289.0","KLOTEN, SW","  46.4","24","  45.7","24"," 994.5","24","961.0","24"," 16.2","24","  1.9","24","  3.9","999.9","  53.2"," ","  42.8","*"," 0.59","G","999.9","110000"
"02431099999","2010-09-19","59.8666666","15.25","289.0","KLOTEN, SW","  46.2","24","  43.5","24","1001.5","24","967.8","24"," 26.4","24","  2.5","24","  5.8","999.9","  57.0"," ","  39.0"," "," 0.07","G","999.9","110000"
"02431099999","2010-09-20","59.8666666","15.25","289.0","KLOTEN, SW","  47.0","24","  45.1","24","1005.8","24","972.0","24"," 15.8","24","  3.7","24","  9.7","999.9","  54.3"," ","  37.0"," "," 0.00","G","999.9","110000"
"02431099999","2010-09-21","59.8666666","15.25","289.0","KLOTEN, SW","  46.7","24","  44.4","24","1008.6","24","974.6","24"," 19.1","24","  4.6","24","  9.7","999.9","  50.7"," ","  38.3","*"," 0.55","G","999.9","010000"
"02431099999","2010-09-22","59.8666666","15.25","289.0","KLOTEN, SW","  47.8","24","  41.4","24","1018.9","24","984.7","24"," 30.0","24","  4.0","24","  7.8","999.9","  57.4"," ","  35.6"," "," 0.00","G","999.9","000000"
"02431099999","2010-09-23","59.8666666","15.25","289.0","KLOTEN, SW","  51.7","24","  50.3","24","1010.2","24","976.5","24","  7.9","24","  3.8","24","  7.8","999.9","  56.1"," ","  48.0"," "," 0.00","G","999.9","010000"
"02431099999","2010-09-24","59.8666666","15.25","289.0","KLOTEN, SW","  55.6","24","  54.5","24","1000.6","24","967.5","24","  3.6","24","  2.5","24","  3.9","999.9","  59.5"," ","  50.5"," "," 0.00","G","999.9","110000"
"02431099999","2010-09-25","59.8666666","15.25","289.0","KLOTEN, SW","  44.5","24","  44.2","24","1007.2","24","973.1","24","  7.4","24","  7.0","24","  9.7","999.9","  57.2"," ","  42.4","*"," 0.54","G","999.9","010000"
"02431099999","2010-09-26","59.8666666","15.25","289.0","KLOTEN, SW","  44.2","24","  40.3","24","1019.1","24","984.6","24"," 29.1","24","  6.5","24","  9.7","999.9","  48.4"," ","  41.9"," "," 0.22","G","999.9","010000"
"02431099999","2010-09-27","59.8666666","15.25","289.0","KLOTEN, SW","  43.9","24","  37.1","24","1021.0","24","986.4","24"," 30.3","24","  7.4","24","  9.7","999.9","  49.6"," ","  38.1","*"," 0.00","G","999.9","000000"
"02431099999","2010-09-28","59.8666666","15.25","289.0","KLOTEN, SW","  42.4","24","  35.1","24","1022.0","24","987.3","24"," 30.6","24","  6.9","24","  9.7","999.9","  49.6"," ","  37.0"," "," 0.00","G","999.9","000000"
"02431099999","2010-09-29","59.8666666","15.25","289.0","KLOTEN, SW","  42.4","24","  34.7","24","1025.2","24","990.4","24"," 30.2","24","  2.4","24","  5.8","999.9","  53.8"," ","  34.0","*"," 0.00","G","999.9","000000"
"02431099999","2010-09-30","59.8666666","15.25","289.0","KLOTEN, SW","  42.0","24","  36.1","24","1024.7","24","989.9","24"," 21.4","24","  0.6","24","  1.9","999.9","  55.0"," ","  30.6"," "," 0.00","G","999.9","000000"
"02431099999","2010-10-01","59.8666666","15.25","289.0","KLOTEN, SW","  42.2","24","  36.8","24","1024.4","24","989.6","24"," 21.7","24","  0.9","24","  1.9","999.9","  51.3"," ","  30.7"," "," 0.00","G","999.9","100000"
"02431099999","2010-10-02","59.8666666","15.25","289.0","KLOTEN, SW","  44.0","24","  40.0","24","1024.6","24","989.9","24"," 23.5","24","  3.2","24","  5.8","999.9","  48.7"," ","  37.0"," "," 0.00","G","999.9","000000"
"02431099999","2010-10-03","59.8666666","15.25","289.0","KLOTEN, SW","  45.9","24","  41.4","24","1021.9","24","987.4","24"," 21.9","24","  6.1","24","  7.8","999.9","  51.3"," ","  41.4"," "," 0.00","G","999.9","000000"
"02431099999","2010-10-04","59.8666666","15.25","289.0","KLOTEN, SW","  47.4","24","  43.6","24","1017.3","24","983.1","24"," 19.2","24","  7.0","24","  9.7","999.9","  53.1"," ","  44.4","*"," 0.00","G","999.9","000000"
"02431099999","2010-10-05","59.8666666","15.25","289.0","KLOTEN, SW","  45.4","24","  42.2","24","1018.5","24","984.1","24"," 13.9","24","  6.0","24","  7.8","999.9","  50.0"," ","  42.4"," "," 0.00","G","999.9","000000"
"02431099999","2010-10-06","59.8666666","15.25","289.0","KLOTEN, SW","  45.4","24","  42.6","24","1019.8","24","985.4","24","  9.8","24","  7.5","24","  9.7","999.9","  47.3"," ","  42.8"," "," 0.00","G","999.9","000000"
"02431099999","2010-10-07","59.8666666","15.25","289.0","KLOTEN, SW","  47.7","24","  47.4","24","1025.3","24","990.8","24","  2.4","24","  2.7","24","  5.8","999.9","  50.2"," ","  45.5"," "," 0.26","G","999.9","110000"
"02431099999","2010-10-08","59.8666666","15.25","289.0","KLOTEN, SW","  46.4","24","  45.6","24","1033.6","24","998.7","24"," 13.0","24","  0.9","24","  3.9","999.9","  48.9"," ","  45.1"," "," 0.11","G","999.9","100000"
"02431099999","2010-10-09","59.8666666","15.25","289.0","KLOTEN, SW","  44.2","24","  44.2","24","1030.9","24","995.9","24","  2.3","23","  2.5","24","  5.8","999.9","  46.2"," ","  39.6","*"," 0.00","G","999.9","100000"
"02431099999","2010-10-10","59.8666666","15.25","289.0","KLOTEN, SW","  40.6","24","  34.8","24","1022.1","24","987.2","24"," 24.8","24","  4.7","24","  9.7","999.9","  48.7"," ","  35.4"," "," 0.02","G","999.9","100000"
"02431099999","2010-10-11","59.8666666","15.25","289.0","KLOTEN, SW","  37.3","24","  28.8","24","1019.0","24","984.0","24"," 30.7","24","  4.4","24","  5.8","999.9","  45.7"," ","  30.2"," "," 0.00","G","999.9","000000"
"02431099999","2010-10-12","59.8666666","15.25","289.0","KLOTEN, SW","  37.4","24","  27.1","24","1017.4","24","982.5","24"," 30.9","24","  4.7","24","  9.7","999.9","  43.7"," ","  30.4","*"," 0.00","G","999.9","000000"
"02431099999","2010-10-13","59.8666666","15.25","289.0","KLOTEN, SW","  37.9","24","  32.2","24","1014.6","24","979.8","24"," 30.8","24","  4.0","24","  5.8","999.9","  45.5"," ","  28.4"," "," 0.00","G","999.9","000000"
"02431099999","2010-10-14","59.8666666","15.25","289.0","KLOTEN, SW","  39.6","24","  28.8","24","1005.6","24","971.2","24"," 26.8","24","  6.9","24"," 11.7","999.9","  45.3"," ","  33.1","*"," 0.01","G","999.9","010000"
"02431099999","2010-10-15","59.8666666","15.25","289.0","KLOTEN, SW","  33.0","24","  24.8","24","1010.8","24","975.9","24"," 29.9","24","  5.0","24","  7.8","999.9","  39.4"," ","  28.0","*"," 0.00","G","999.9","011000"
"02431099999","2010-10-16","59.8666666","15.25","289.0","KLOTEN, SW","  32.6","24","  25.3","24","1019.0","24","983.8","24"," 30.6","24","  3.1","24","  5.8","999.9","  40.6"," ","  27.3"," "," 0.01","G","999.9","000000"
"02431099999","2010-10-17","59.8666666","15.25","289.0","KLOTEN, SW","  37.0","24","  29.9","24","1019.4","24","984.4","24"," 30.7","24","  4.5","24","  7.8","999.9","  46.8"," ","  27.1"," "," 0.00","G","999.9","000000"
"02431099999","2010-10-18","59.8666666","15.25","289.0","KLOTEN, SW","  39.4","19","  37.3","19","1010.1","19","975.5","19"," 17.9","19","  6.3","19","  7.8","999.9","  41.5"," ","  34.9"," "," 0.00","G","999.9","010000"
"02431099999","2010-10-19","59.8666666","15.25","289.0","KLOTEN, SW","  40.0","18","  39.9","18"," 994.0","18","960.1","18","  7.7","18","  4.3","18","  5.8","999.9","  41.7"," ","  38.1","*"," 0.07","G","999.9","010000"
"02431099999","2010-10-20","59.8666666","15.25","289.0","KLOTEN, SW","  31.2","24","  24.7","24","1000.0","24","965.4","24"," 25.2","24","  6.6","24","  9.7","999.9","  39.9"," ","  26.8","*"," 0.33","G","999.9","011000"
"02431099999","2010-10-21","59.8666666","15.25","289.0","KLOTEN, SW","  27.7","24","  20.7","24","1003.2","24","968.3","24"," 30.7","24","  3.3","24","  5.8","999.9","  35.8"," ","  18.9"," "," 0.00","G","999.9","000000"
"02431099999","2010-10-22","59.8666666","15.25","289.0","KLOTEN, SW","  29.7","24","  26.3","24"," 999.6","24","965.0","24"," 27.1","24","  3.6","24","  7.8","999.9","  34.9"," ","  26.4"," "," 0.02","G","999.9","001000"
"02431099999","2010-10-23","59.8666666","15.25","289.0","KLOTEN, SW","  28.6","24","  27.5","24","1001.5","24","966.7","24"," 23.9","24","  1.9","24","  3.9","999.9","  36.5"," ","  22.8"," "," 0.02","G","999.9","100000"
"02431099999","2010-10-24","59.8666666","15.25","289.0","KLOTEN, SW","  31.4","24","  27.3","24","1000.8","24","966.1","24"," 29.1","24","  3.3","24","  3.9","999.9","  34.5"," ","  24.8"," "," 0.00","G","999.9","001000"
"02431099999","2010-10-25","59.8666666","15.25","289.0","KLOTEN, SW","  32.3","24","  25.3","24","1009.1","24","974.2","24"," 30.8","24","  3.4","24","  5.8","999.9","  40.1"," ","  25.0"," "," 0.00","G","999.9","000000"
"02431099999","2010-10-26","59.8666666","15.25","289.0","KLOTEN, SW","  30.6","24","  25.9","24","1019.4","24","984.0","24"," 30.8","24","  2.2","24","  3.9","999.9","  39.9"," ","  23.5","*"," 0.00","G","999.9","000000"
"02431099999","2010-10-27","59.8666666","15.25","289.0","KLOTEN, SW","  34.2","24","  34.1","24","1012.5","24","977.6","24","  4.8","24","  3.7","24","  9.7","999.9","  44.4","*","  22.3"," "," 0.00","G","999.9","110000"
"02431099999","2010-10-28","59.8666666","15.25","289.0","KLOTEN, SW","  44.2","23","  41.9","23","1001.5","23","967.6","23"," 13.3","23","  7.3","23","  9.7","999.9","  47.1"," ","  37.8"," "," 0.20","G","999.9","010000"
"02431099999","2010-10-29","59.8666666","15.25","289.0","KLOTEN, SW","  42.0","24","  40.8","24","1005.0","24","970.8","24"," 18.1","24","  5.1","24","  7.8","999.9","  46.6","*","  34.9"," "," 0.04","G","999.9","010000"
"02431099999","2010-10-30","59.8666666","15.25","289.0","KLOTEN, SW","  44.9","24","  43.6","24","1000.2","24","966.3","24","  5.2","24","  4.8","24","  7.8","999.9","  46.9","*","  42.8"," "," 0.04","G","999.9","000000"
"02431099999","2010-10-31","59.8666666","15.25","289.0","KLOTEN, SW","  45.9","24","  43.6","24","1003.7","24","969.9","24"," 12.6","24","  5.2","24","  7.8","999.9","  49.8"," ","  43.7"," "," 0.00","G","999.9","010000"
"02431099999","2010-11-01","59.8666666","15.25","289.0","KLOTEN, SW","  42.3","23","  39.1","23","1008.3","23","974.1","23"," 23.7","23","  4.0","23","  9.7","999.9","  46.9"," ","  36.7","*"," 0.00","G","999.9","000000"
"02431099999","2010-11-02","59.8666666","15.25","289.0","KLOTEN, SW","  39.2","24","  37.8","24","1004.5","24","970.2","24"," 13.9","24","  4.8","24","  7.8","999.9","  43.5","*","  35.8"," "," 0.00","G","999.9","010000"
"02431099999","2010-11-03","59.8666666","15.25","289.0","KLOTEN, SW","  41.7","19","  41.0","19"," 988.2","19","954.6","19"," 14.3","19","  7.4","19"," 11.7","999.9","  45.1"," ","  39.6"," "," 0.51","G","999.9","010000"
"02431099999","2010-11-04","59.8666666","15.25","289.0","KLOTEN, SW","  36.3","18","  31.7","18"," 995.3","18","961.0","18"," 30.9","18","  6.8","18","  9.7","999.9","  41.5"," ","  32.4","*"," 0.56","G","999.9","000000"
"02431099999","2010-11-05","59.8666666","15.25","289.0","KLOTEN, SW","  31.2","23","  27.3","23","1000.3","23","965.7","23"," 31.1","23","  3.2","23","  5.8","999.9","  39.2"," ","  26.1"," "," 0.00","G","999.9","000000"
"02431099999","2010-11-06","59.8666666","15.25","289.0","KLOTEN, SW","  30.4","24","  23.2","24","1003.4","24","968.6","24"," 31.1","24","  4.0","24","  5.8","999.9","  35.6"," ","  26.2","*"," 0.00","G","999.9","000000"
"02431099999","2010-11-07","59.8666666","15.25","289.0","KLOTEN, SW","  25.3","24","  19.7","24","1002.2","24","967.3","24"," 31.1","24","  3.2","24","  5.8","999.9","  32.9"," ","  19.8","*"," 0.00","G","999.9","000000"
"02431099999","2010-11-08","59.8666666","15.25","289.0","KLOTEN, SW","  21.9","24","  18.0","24","1002.9","24","967.8","24"," 30.7","24","  2.6","24","  5.8","999.9","  28.0"," ","  13.6"," "," 0.00","G","999.9","000000"
"02431099999","2010-11-09","59.8666666","15.25","289.0","KLOTEN, SW","  28.3","24","  25.1","24"," 994.1","24","959.6","24"," 17.2","24","  9.1","24"," 11.7","999.9","  31.1"," ","  22.3"," "," 0.00","G","999.9","001000"
"02431099999","2010-11-10","59.8666666","15.25","289.0","KLOTEN, SW","  27.6","24","  26.2","24"," 988.8","24","954.4","24","  8.2","24","  4.2","24","  9.7","999.9","  29.8"," ","  25.7","*"," 0.52","G","999.9","001000"
"02431099999","2010-11-11","59.8666666","15.25","289.0","KLOTEN, SW","  26.6","24","  25.4","24"," 992.0","24","957.5","24"," 15.0","24","  2.6","24","  3.9","999.9","  29.7","*","  24.1"," "," 0.06","G","999.9","101000"
"02431099999","2010-11-12","59.8666666","15.25","289.0","KLOTEN, SW","  32.8","24","  32.8","24"," 977.2","24","943.4","24","  1.1","24","  6.4","24"," 11.7","999.9","  33.8"," ","  25.9"," "," 0.06","G","999.9","111000"
"02431099999","2010-11-13","59.8666666","15.25","289.0","KLOTEN, SW","  32.4","24","  32.4","24"," 980.5","24","946.6","24"," 10.1","24","  2.2","24","  3.9","999.9","  33.4"," ","  31.6","*"," 0.19","G","999.9","101000"
"02431099999","2010-11-14","59.8666666","15.25","289.0","KLOTEN, SW","  34.9","24","  34.8","24"," 993.7","24","959.5","24"," 10.5","24","  2.9","24","  7.8","999.9","  37.2","*","  31.6"," "," 0.06","G","999.9","111000"
"02431099999","2010-11-15","59.8666666","15.25","289.0","KLOTEN, SW","  33.7","24","  33.7","24","1003.0","24","968.4","24","  6.0","24","  3.1","24","  7.8","999.9","  37.2"," ","  30.4","*"," 0.01","G","999.9","111000"
"02431099999","2010-11-16","59.8666666","15.25","289.0","KLOTEN, SW","  25.3","24","  24.5","24","1023.8","24","988.2","24"," 30.4","24","  1.7","24","  5.8","999.9","  32.5"," ","  18.1","*"," 0.26","G","999.9","000000"
"02431099999","2010-11-17","59.8666666","15.25","289.0","KLOTEN, SW","  21.6","24","  20.8","24","1030.8","24","994.7","24"," 22.7","24","  1.5","24","  3.9","999.9","  29.1"," ","  14.7"," "," 0.00","G","999.9","100000"
"02431099999","2010-11-18","59.8666666","15.25","289.0","KLOTEN, SW","  25.6","24","  24.0","24","1024.9","24","989.2","24"," 27.1","24","  5.4","24","  7.8","999.9","  27.3"," ","  20.3"," "," 0.00","G","999.9","000000"
"02431099999","2010-11-19","59.8666666","15.25","289.0","KLOTEN, SW","  24.0","24","  22.4","24","1025.3","24","989.5","24"," 27.2","24","  6.6","24","  7.8","999.9","  26.1"," ","  18.3"," "," 0.00","G","999.9","000000"
"02431099999","2010-11-20","59.8666666","15.25","289.0","KLOTEN, SW","  27.7","24","  27.0","24","1023.9","24","988.3","24","  5.5","24","  6.0","24","  7.8","999.9","  29.7"," ","  19.0"," "," 0.06","G","999.9","001000"
"02431099999","2010-11-21","59.8666666","15.25","289.0","KLOTEN, SW","  28.7","22","  27.9","22","1024.4","22","988.8","22"," 10.1","22","  6.2","22","  7.8","999.9","  30.4"," ","  26.1","*"," 0.08","G","999.9","001000"
"02431099999","2010-11-22","59.8666666","15.25","289.0","KLOTEN, SW","  25.7","24","  24.0","24","1018.3","24","982.8","24"," 23.1","24","  5.9","24","  7.8","999.9","  27.1"," ","  23.2","*"," 0.02","G","999.9","001000"
"02431099999","2010-11-23","59.8666666","15.25","289.0","KLOTEN, SW","  22.8","23","  19.6","23","1008.0","23","972.7","23"," 18.6","23","  9.5","23"," 13.6","999.9","  25.7"," ","  19.2","*"," 0.01","G","999.9","001000"
"02431099999","2010-11-24","59.8666666","15.25","289.0","KLOTEN, SW","  24.1","24","  19.8","24","1003.1","24","968.1","24","  4.2","23"," 10.7","24"," 11.7","999.9","  25.7"," ","  18.9"," "," 0.00","G","999.9","001000"
"02431099999","2010-11-25","59.8666666","15.25","289.0","KLOTEN, SW","  17.9","23","  13.2","23","1007.1","23","971.7","23"," 13.6","17","  8.7","23"," 11.7","999.9","  25.5"," ","  11.3","*"," 0.06","G","999.9","001000"
"02431099999","2010-11-26","59.8666666","15.25","289.0","KLOTEN, SW","  11.7","24","   7.6","24","1011.2","24","975.4","24"," 10.2","24","  6.3","24","  7.8","999.9","  14.0"," ","   9.5"," "," 0.00","G","999.9","001000"
"02431099999","2010-11-27","59.8666666","15.25","289.0","KLOTEN, SW","  12.9","23","   9.7","23","1016.3","23","980.4","23","  2.3","23","  6.2","23","  7.8","999.9","  15.1","*","  11.3"," "," 0.02","G","999.9","001000"
"02431099999","2010-11-28","59.8666666","15.25","289.0","KLOTEN, SW","  14.7","24","  11.2","24","1024.9","24","988.7","24"," 13.6","24","  9.3","24"," 13.6","999.9","  17.2"," ","   9.5","*"," 0.09","G","999.9","001000"
"02431099999","2010-11-29","59.8666666","15.25","289.0","KLOTEN, SW","   9.0","24","   6.1","24","1030.6","24","994.0","24"," 15.2","24","  5.2","24","  7.8","999.9","  12.6"," ","   6.3"," "," 0.03","G","999.9","001000"
"02431099999","2010-11-30","59.8666666","15.25","289.0","KLOTEN, SW","   8.8","24","   5.6","24","1030.1","24","993.5","24"," 23.3","24","  3.7","24","  5.8","999.9","  12.2"," ","   3.6"," "," 0.02","G","999.9","001000"
"02431099999","2010-12-01","59.8666666","15.25","289.0","KLOTEN, SW","   9.7","24","   7.1","24","1027.6","24","991.1","24"," 30.8","24","  1.9","24","  3.9","999.9","  16.2"," ","   4.1"," "," 0.00","G","999.9","001000"
"02431099999","2010-12-02","59.8666666","15.25","289.0","KLOTEN, SW","   5.0","24","   2.3","24","1021.0","24","984.6","24"," 28.9","24","  0.5","24","  1.9","999.9","  11.7","*","  -2.2"," "," 0.00","G","999.9","001000"
"02431099999","2010-12-03","59.8666666","15.25","289.0","KLOTEN, SW","  14.0","24","  12.0","24","1005.0","24","969.5","24"," 14.8","24","  2.5","24","  3.9","999.9","  15.8"," ","   4.1"," "," 0.01","G","999.9","001000"
"02431099999","2010-12-04","59.8666666","15.25","289.0","KLOTEN, SW","  12.2","24","  10.0","24","1003.7","24","968.1","24"," 18.6","20","  3.1","24","  3.9","999.9","  17.6","*","   7.7"," "," 0.06","G","999.9","001000"
"02431099999","2010-12-05","59.8666666","15.25","289.0","KLOTEN, SW","  23.0","24","  22.3","24"," 998.4","24","963.5","24","  1.8","23","  1.9","24","  3.9","999.9","  24.4","*","  12.6"," "," 0.07","G","999.9","101000"
"02431099999","2010-12-06","59.8666666","15.25","289.0","KLOTEN, SW","  23.4","24","  22.7","24"," 993.5","24","958.9","24","  4.0","23","  1.5","24","  3.9","999.9","  25.2"," ","  21.9","*"," 0.05","G","999.9","001000"
"02431099999","2010-12-07","59.8666666","15.25","289.0","KLOTEN, SW","  11.3","24","   9.1","24","1000.7","24","965.3","24"," 24.3","24","  1.9","24","  3.9","999.9","  24.4"," ","   3.4"," "," 0.00","G","999.9","000000"
"02431099999","2010-12-08","59.8666666","15.25","289.0","KLOTEN, SW","  11.8","24","   9.7","24","1006.2","24","970.6","24"," 20.9","19","  1.6","24","  3.9","999.9","  21.0","*","   1.4"," "," 0.00","G","999.9","001000"
"02431099999","2010-12-09","59.8666666","15.25","289.0","KLOTEN, SW","  17.7","24","  16.2","24","1006.5","24","971.1","24"," 18.1","24","  2.9","24","  3.9","999.9","  21.9"," ","   9.3"," "," 0.01","G","999.9","101000"
"02431099999","2010-12-10","59.8666666","15.25","289.0","KLOTEN, SW","  13.8","24","  11.5","24","1011.7","24","976.0","24"," 28.5","23","  2.9","24","  5.8","999.9","  21.0"," ","   9.0"," "," 0.00","G","999.9","001000"
"02431099999","2010-12-11","59.8666666","15.25","289.0","KLOTEN, SW","  21.1","24","  19.9","24"," 998.3","24","963.3","24"," 11.7","22","  3.0","24","  5.8","999.9","  24.6"," ","   9.1"," "," 0.03","G","999.9","101000"
"02431099999","2010-12-12","59.8666666","15.25","289.0","KLOTEN, SW","  13.6","22","  10.1","22","1016.6","22","980.7","22"," 31.1","22","  4.1","22","  5.8","999.9","  23.2"," ","   8.1"," "," 0.02","G","999.9","000000"
"02431099999","2010-12-13","59.8666666","15.25","289.0","KLOTEN, SW","  19.2","14","  16.8","14","1028.0","14","991.9","14"," 29.4","14","  5.5","14","  7.8","999.9","  20.8","*","  13.6"," "," 0.00","G","999.9","000000"
"02431099999","2010-12-14","59.8666666","15.25","289.0","KLOTEN, SW","  12.1","24","   9.5","24","1030.7","24","994.2","24"," 25.7","24","  3.4","24","  5.8","999.9","  21.0"," ","   3.7","*"," 0.00","G","999.9","001000"
"02431099999","2010-12-15","59.8666666","15.25","289.0","KLOTEN, SW","  17.0","24","  15.7","24","1023.4","24","987.4","24"," 17.0","24","  3.0","24","  5.8","999.9","  19.8"," ","   3.7"," "," 0.00","G","999.9","000000"
"02431099999","2010-12-16","59.8666666","15.25","289.0","KLOTEN, SW","  23.9","24","  23.2","24"," 988.9","24","954.4","24","  6.9","20","  3.2","24","  3.9","999.9","  28.8"," ","  15.1"," "," 0.04","G","999.9","001000"
"02431099999","2010-12-17","59.8666666","15.25","289.0","KLOTEN, SW","  24.3","24","  23.5","24"," 999.2","24","964.4","24","  5.7","24","  4.6","24","  9.7","999.9","  28.0"," ","  21.4"," "," 0.35","G","999.9","001000"
"02431099999","2010-12-18","59.8666666","15.25","289.0","KLOTEN, SW","  20.7","24","  18.6","24","1012.5","24","977.0","24","  3.3","22","  7.3","24","  9.7","999.9","  25.3"," ","  17.6","*"," 0.08","G","999.9","001000"
"02431099999","2010-12-19","59.8666666","15.25","289.0","KLOTEN, SW","  16.5","24","  14.1","24","1004.2","24","968.9","24","  1.0","23","  6.5","24","  9.7","999.9","  19.0"," ","  15.6"," "," 0.06","G","999.9","001000"
"02431099999","2010-12-20","59.8666666","15.25","289.0","KLOTEN, SW","  10.9","24","   8.0","24","1001.6","24","966.1","24","  9.0","24","  5.1","24","  7.8","999.9","  17.1"," ","   2.3","*"," 0.15","G","999.9","001000"
"02431099999","2010-12-21","59.8666666","15.25","289.0","KLOTEN, SW","  -2.4","24","  -6.3","24","1006.4","24","970.3","24"," 27.3","24","  1.8","24","  3.9","999.9","   5.7"," "," -14.6","*"," 0.02","G","999.9","001000"
"02431099999","2010-12-22","59.8666666","15.25","289.0","KLOTEN, SW","  -5.9","24","  -9.7","24","1016.1","24","979.5","24"," 22.3","24","  0.9","24","  1.9","999.9","   4.1","*"," -18.2"," "," 0.00","G","999.9","001000"
"02431099999","2010-12-23","59.8666666","15.25","289.0","KLOTEN, SW","   4.4","24","   1.6","24","1022.9","24","986.4","24","  8.8","24","  1.9","24","  1.9","999.9","   9.3"," ","  -2.4"," "," 0.00","G","999.9","001000"
"02431099999","2010-12-24","59.8666666","15.25","289.0","KLOTEN, SW","   4.0","24","   1.1","24","1021.3","24","984.8","24","  6.9","24","  3.4","24","  5.8","999.9","   7.9","*","   0.5"," "," 0.02","G","999.9","001000"
"02431099999","2010-12-25","59.8666666","15.25","289.0","KLOTEN, SW","  10.5","24","   8.2","24","1019.1","24","982.9","24"," 20.6","24","  4.1","24","  5.8","999.9","  15.4","*","   4.3"," "," 0.00","G","999.9","001000"
"02431099999","2010-12-26","59.8666666","15.25","289.0","KLOTEN, SW","  19.3","23","  16.9","23","1012.8","23","977.3","23","  4.0","23","  6.0","23","  7.8","999.9","  20.8"," ","  12.4"," "," 0.02","G","999.9","001000"
"02431099999","2010-12-27","59.8666666","15.25","289.0","KLOTEN, SW","  18.0","24","  15.9","24","1020.1","24","984.3","24","  5.7","24","  3.1","24","  5.8","999.9","  19.2"," ","  17.1","*"," 0.05","G","999.9","001000"
"02431099999","2010-12-28","59.8666666","15.25","289.0","KLOTEN, SW","  13.4","24","  11.2","24","1028.8","24","992.4","24"," 24.8","24","  2.3","24","  3.9","999.9","  18.1"," ","   6.4"," "," 0.04","G","999.9","001000"
"02431099999","2010-12-29","59.8666666","15.25","289.0","KLOTEN, SW","  16.9","23","  15.4","23","1027.4","23","991.2","23"," 10.2","21","  1.9","23","  3.9","999.9","  17.8","*","  14.5"," "," 0.00","G","999.9","001000"
"02431099999","2010-12-30","59.8666666","15.25","289.0","KLOTEN, SW","  13.7","24","  11.3","24","1014.6","24","978.7","24"," 28.6","24","  3.2","24","  7.8","999.9","  26.8","*","   6.1"," "," 0.03","F","999.9","001000"
"02431099999","2010-12-31","59.8666666","15.25","289.0","KLOTEN, SW","  23.1","24","  20.8","24","1003.4","24","968.3","24"," 22.6","24","  5.1","24","  9.7","999.9","  30.4","*","  12.2"," "," 0.04","F","999.9","001000"
